latitude,longitude,z
degrees_north,degrees_east,
36.50208333333333,-122.09791666666666,-986.3239
36.50208333333333,-122.09375,-977.1314
36.50208333333333,-122.08958333333334,-959.0638
36.50208333333333,-122.08541666666667,-960.2886
36.50208333333333,-122.08125,-986.169
36.50208333333333,-122.07708333333333,-988.8592
36.50208333333333,-122.07291666666667,-963.5068
36.50208333333333,-122.06875,-950.8159
36.50208333333333,-122.06458333333333,-953.89795
36.50208333333333,-122.06041666666667,-918.46216
36.50208333333333,-122.05625,-852.7637
36.50208333333333,-122.05208333333333,-780.9202
36.50208333333333,-122.04791666666667,-708.4684
36.50208333333333,-122.04375,-643.6421
36.50208333333333,-122.03958333333333,-585.77484
36.50208333333333,-122.03541666666666,-537.79944
36.50208333333333,-122.03125,-501.9982
36.50208333333333,-122.02708333333334,-472.88538
36.50208333333333,-122.02291666666667,-441.43414
36.50208333333333,-122.01875,-394.234
36.50208333333333,-122.01458333333333,-327.31058
36.50208333333333,-122.01041666666667,-265.48642
36.50208333333333,-122.00625,-214.12378
36.50208333333333,-122.00208333333333,-182.06895
36.50208333333333,-121.99791666666667,-173.8639
36.50208333333333,-121.99375,-186.05948
36.50208333333333,-121.98958333333333,-205.38998
36.50208333333333,-121.98541666666667,-143.62949
36.50208333333333,-121.98125,-105.89481
36.50208333333333,-121.97708333333333,-121.53319
36.50208333333333,-121.97291666666666,-155.19861
36.50208333333333,-121.96875,-134.64786
36.50208333333333,-121.96458333333334,-91.686356
36.50208333333333,-121.96041666666667,-67.30968
36.50208333333333,-121.95625,-54.402138
36.50208333333333,-121.95208333333333,-46.243877
36.50208333333333,-121.94791666666667,-39.334385
36.50208333333333,-121.94375,-26.966301
36.50208333333333,-121.93958333333333,4.707254
36.50208333333333,-121.93541666666667,63.53889
36.50208333333333,-121.93125,112.13231
36.50208333333333,-121.92708333333333,179.25737
36.50208333333333,-121.92291666666667,211.3824
36.50208333333333,-121.91875,292.9551
36.50208333333333,-121.91458333333333,377.96484
36.50208333333333,-121.91041666666666,332.8917
36.50208333333333,-121.90625,441.47012
36.50208333333333,-121.90208333333334,437.28915
36.50208333333333,-121.89791666666667,404.87088
36.50208333333333,-121.89375,414.78107
36.50208333333333,-121.88958333333333,377.23004
36.50208333333333,-121.88541666666667,287.25516
36.50208333333333,-121.88125,216.37564
36.50208333333333,-121.87708333333333,250.92302
36.50208333333333,-121.87291666666667,307.2383
36.50208333333333,-121.86875,306.03107
36.50208333333333,-121.86458333333333,245.17929
36.50208333333333,-121.86041666666667,207.38844
36.50208333333333,-121.85625,176.67578
36.50208333333333,-121.85208333333333,131.09636
36.50208333333333,-121.84791666666666,120.38991
36.50208333333333,-121.84375,162.62662
36.50208333333333,-121.83958333333334,234.69263
36.50208333333333,-121.83541666666667,293.08823
36.50208333333333,-121.83125,353.40912
36.50208333333333,-121.82708333333333,315.777
36.50208333333333,-121.82291666666667,268.28156
36.50208333333333,-121.81875,252.73409
36.50208333333333,-121.81458333333333,226.00125
36.50208333333333,-121.81041666666667,142.78506
36.50208333333333,-121.80625,201.65369
36.50208333333333,-121.80208333333333,265.71796
36.50208333333333,-121.79791666666667,250.10533
36.50208333333333,-121.79375,364.93204
36.50208333333333,-121.78958333333333,482.06528
36.50208333333333,-121.78541666666666,514.87616
36.50208333333333,-121.78125,442.1252
36.50208333333333,-121.77708333333334,310.78653
36.50208333333333,-121.77291666666667,196.03746
36.50208333333333,-121.76875,147.60275
36.50208333333333,-121.76458333333333,89.138756
36.50208333333333,-121.76041666666667,62.953957
36.50208333333333,-121.75625,82.33667
36.50208333333333,-121.75208333333333,105.82387
36.50208333333333,-121.74791666666667,133.81151
36.50208333333333,-121.74375,188.30472
36.50208333333333,-121.73958333333333,271.71136
36.50208333333333,-121.73541666666667,354.75806
36.50208333333333,-121.73125,433.80066
36.50208333333333,-121.72708333333333,458.0544
36.50208333333333,-121.72291666666666,543.5722
36.50208333333333,-121.71875,589.3771
36.50208333333333,-121.71458333333334,587.1024
36.50208333333333,-121.71041666666667,623.31256
36.50208333333333,-121.70625,579.0673
36.50208333333333,-121.70208333333333,572.7639
36.50625,-122.09791666666666,-1026.5356
36.50625,-122.09375,-1012.16986
36.50625,-122.08958333333334,-990.6523
36.50625,-122.08541666666667,-994.36694
36.50625,-122.08125,-1023.4676
36.50625,-122.07708333333333,-1043.833
36.50625,-122.07291666666667,-1056.1564
36.50625,-122.06875,-1066.4141
36.50625,-122.06458333333333,-1011.2974
36.50625,-122.06041666666667,-962.3433
36.50625,-122.05625,-896.77576
36.50625,-122.05208333333333,-817.3743
36.50625,-122.04791666666667,-758.1019
36.50625,-122.04375,-705.0351
36.50625,-122.03958333333333,-641.8436
36.50625,-122.03541666666666,-578.0714
36.50625,-122.03125,-541.49677
36.50625,-122.02708333333334,-506.63428
36.50625,-122.02291666666667,-466.69485
36.50625,-122.01875,-418.27747
36.50625,-122.01458333333333,-360.00888
36.50625,-122.01041666666667,-285.47827
36.50625,-122.00625,-237.43112
36.50625,-122.00208333333333,-202.72673
36.50625,-121.99791666666667,-185.4796
36.50625,-121.99375,-199.142
36.50625,-121.98958333333333,-175.26508
36.50625,-121.98541666666667,-119.03715
36.50625,-121.98125,-140.03522
36.50625,-121.97708333333333,-212.26018
36.50625,-121.97291666666666,-225.59775
36.50625,-121.96875,-146.36896
36.50625,-121.96458333333334,-82.79686
36.50625,-121.96041666666667,-63.030502
36.50625,-121.95625,-53.29531
36.50625,-121.95208333333333,-47.492966
36.50625,-121.94791666666667,-36.6313
36.50625,-121.94375,2.4832559
36.50625,-121.93958333333333,6.5283675
36.50625,-121.93541666666667,46.274933
36.50625,-121.93125,90.41995
36.50625,-121.92708333333333,154.38258
36.50625,-121.92291666666667,239.07333
36.50625,-121.91875,283.85614
36.50625,-121.91458333333333,263.1082
36.50625,-121.91041666666666,357.28674
36.50625,-121.90625,409.1155
36.50625,-121.90208333333334,348.9515
36.50625,-121.89791666666667,277.2758
36.50625,-121.89375,306.86627
36.50625,-121.88958333333333,248.34111
36.50625,-121.88541666666667,214.46085
36.50625,-121.88125,251.34845
36.50625,-121.87708333333333,292.36996
36.50625,-121.87291666666667,300.71667
36.50625,-121.86875,270.04666
36.50625,-121.86458333333333,234.85422
36.50625,-121.86041666666667,163.30328
36.50625,-121.85625,99.744225
36.50625,-121.85208333333333,100.90027
36.50625,-121.84791666666666,154.3861
36.50625,-121.84375,211.96982
36.50625,-121.83958333333334,253.90968
36.50625,-121.83541666666667,293.16742
36.50625,-121.83125,317.232
36.50625,-121.82708333333333,311.1237
36.50625,-121.82291666666667,251.34178
36.50625,-121.81875,231.55075
36.50625,-121.81458333333333,226.78209
36.50625,-121.81041666666667,139.71756
36.50625,-121.80625,157.3764
36.50625,-121.80208333333333,208.80484
36.50625,-121.79791666666667,296.36456
36.50625,-121.79375,407.49112
36.50625,-121.78958333333333,416.26266
36.50625,-121.78541666666666,387.10422
36.50625,-121.78125,310.4222
36.50625,-121.77708333333334,189.68124
36.50625,-121.77291666666667,100.60329
36.50625,-121.76875,62.866932
36.50625,-121.76458333333333,58.47822
36.50625,-121.76041666666667,88.75031
36.50625,-121.75625,112.92325
36.50625,-121.75208333333333,131.14774
36.50625,-121.74791666666667,190.90964
36.50625,-121.74375,311.64432
36.50625,-121.73958333333333,370.8044
36.50625,-121.73541666666667,449.65952
36.50625,-121.73125,511.71924
36.50625,-121.72708333333333,574.3912
36.50625,-121.72291666666666,590.2117
36.50625,-121.71875,617.9392
36.50625,-121.71458333333334,576.2088
36.50625,-121.71041666666667,539.0337
36.50625,-121.70625,452.57745
36.50625,-121.70208333333333,422.27155
36.510416666666664,-122.09791666666666,-1083.7551
36.510416666666664,-122.09375,-1066.4606
36.510416666666664,-122.08958333333334,-1054.1344
36.510416666666664,-122.08541666666667,-1048.4227
36.510416666666664,-122.08125,-1097.0953
36.510416666666664,-122.07708333333333,-1142.1487
36.510416666666664,-122.07291666666667,-1129.3353
36.510416666666664,-122.06875,-1062.8804
36.510416666666664,-122.06458333333333,-977.6246
36.510416666666664,-122.06041666666667,-918.0892
36.510416666666664,-122.05625,-870.4313
36.510416666666664,-122.05208333333333,-839.4009
36.510416666666664,-122.04791666666667,-817.4022
36.510416666666664,-122.04375,-776.58264
36.510416666666664,-122.03958333333333,-730.4384
36.510416666666664,-122.03541666666666,-677.64545
36.510416666666664,-122.03125,-646.33356
36.510416666666664,-122.02708333333334,-594.29706
36.510416666666664,-122.02291666666667,-536.864
36.510416666666664,-122.01875,-481.67352
36.510416666666664,-122.01458333333333,-418.34036
36.510416666666664,-122.01041666666667,-334.73788
36.510416666666664,-122.00625,-282.21906
36.510416666666664,-122.00208333333333,-241.62105
36.510416666666664,-121.99791666666667,-198.90686
36.510416666666664,-121.99375,-184.64201
36.510416666666664,-121.98958333333333,-140.09631
36.510416666666664,-121.98541666666667,-151.45625
36.510416666666664,-121.98125,-253.81578
36.510416666666664,-121.97708333333333,-313.042
36.510416666666664,-121.97291666666666,-213.19798
36.510416666666664,-121.96875,-103.821
36.510416666666664,-121.96458333333334,-72.84551
36.510416666666664,-121.96041666666667,-58.44617
36.510416666666664,-121.95625,-48.238674
36.510416666666664,-121.95208333333333,-41.09601
36.510416666666664,-121.94791666666667,-27.217752
36.510416666666664,-121.94375,-6.752322
36.510416666666664,-121.93958333333333,18.325422
36.510416666666664,-121.93541666666667,52.272934
36.510416666666664,-121.93125,87.2588
36.510416666666664,-121.92708333333333,134.74329
36.510416666666664,-121.92291666666667,187.94472
36.510416666666664,-121.91875,227.32986
36.510416666666664,-121.91458333333333,302.6154
36.510416666666664,-121.91041666666666,298.84485
36.510416666666664,-121.90625,273.79453
36.510416666666664,-121.90208333333334,245.90787
36.510416666666664,-121.89791666666667,177.16031
36.510416666666664,-121.89375,180.30112
36.510416666666664,-121.88958333333333,218.01071
36.510416666666664,-121.88541666666667,282.98083
36.510416666666664,-121.88125,294.3376
36.510416666666664,-121.87708333333333,267.0407
36.510416666666664,-121.87291666666667,282.78204
36.510416666666664,-121.86875,218.1432
36.510416666666664,-121.86458333333333,196.726
36.510416666666664,-121.86041666666667,140.21765
36.510416666666664,-121.85625,100.7724
36.510416666666664,-121.85208333333333,166.19391
36.510416666666664,-121.84791666666666,226.53938
36.510416666666664,-121.84375,238.1535
36.510416666666664,-121.83958333333334,228.57666
36.510416666666664,-121.83541666666667,257.01215
36.510416666666664,-121.83125,273.68164
36.510416666666664,-121.82708333333333,296.78995
36.510416666666664,-121.82291666666667,249.59804
36.510416666666664,-121.81875,185.54391
36.510416666666664,-121.81458333333333,153.89302
36.510416666666664,-121.81041666666667,107.06196
36.510416666666664,-121.80625,175.93391
36.510416666666664,-121.80208333333333,185.09
36.510416666666664,-121.79791666666667,183.42848
36.510416666666664,-121.79375,245.55112
36.510416666666664,-121.78958333333333,263.5231
36.510416666666664,-121.78541666666666,228.23027
36.510416666666664,-121.78125,192.44862
36.510416666666664,-121.77708333333334,87.58485
36.510416666666664,-121.77291666666667,53.97182
36.510416666666664,-121.76875,64.1368
36.510416666666664,-121.76458333333333,85.29453
36.510416666666664,-121.76041666666667,112.84605
36.510416666666664,-121.75625,136.38933
36.510416666666664,-121.75208333333333,193.92093
36.510416666666664,-121.74791666666667,298.6895
36.510416666666664,-121.74375,411.9113
36.510416666666664,-121.73958333333333,462.89236
36.510416666666664,-121.73541666666667,496.82373
36.510416666666664,-121.73125,541.7063
36.510416666666664,-121.72708333333333,569.07196
36.510416666666664,-121.72291666666666,578.4821
36.510416666666664,-121.71875,530.97766
36.510416666666664,-121.71458333333334,460.47186
36.510416666666664,-121.71041666666667,428.42206
36.510416666666664,-121.70625,356.5714
36.510416666666664,-121.70208333333333,332.47037
36.514583333333334,-122.09791666666666,-1184.7871
36.514583333333334,-122.09375,-1180.49
36.514583333333334,-122.08958333333334,-1178.0167
36.514583333333334,-122.08541666666667,-1172.08
36.514583333333334,-122.08125,-1212.7314
36.514583333333334,-122.07708333333333,-1190.7609
36.514583333333334,-122.07291666666667,-1126.0859
36.514583333333334,-122.06875,-1081.3412
36.514583333333334,-122.06458333333333,-1060.901
36.514583333333334,-122.06041666666667,-995.7346
36.514583333333334,-122.05625,-948.0044
36.514583333333334,-122.05208333333333,-912.76666
36.514583333333334,-122.04791666666667,-879.73584
36.514583333333334,-122.04375,-839.4698
36.514583333333334,-122.03958333333333,-792.07947
36.514583333333334,-122.03541666666666,-741.30444
36.514583333333334,-122.03125,-694.71765
36.514583333333334,-122.02708333333334,-645.61456
36.514583333333334,-122.02291666666667,-594.47534
36.514583333333334,-122.01875,-539.3595
36.514583333333334,-122.01458333333333,-472.82233
36.514583333333334,-122.01041666666667,-401.6424
36.514583333333334,-122.00625,-328.98404
36.514583333333334,-122.00208333333333,-259.90274
36.514583333333334,-121.99791666666667,-203.37448
36.514583333333334,-121.99375,-197.25394
36.514583333333334,-121.98958333333333,-171.38542
36.514583333333334,-121.98541666666667,-251.81651
36.514583333333334,-121.98125,-370.8717
36.514583333333334,-121.97708333333333,-331.99457
36.514583333333334,-121.97291666666666,-187.46906
36.514583333333334,-121.96875,-89.68637
36.514583333333334,-121.96458333333334,-66.19285
36.514583333333334,-121.96041666666667,-41.885605
36.514583333333334,-121.95625,-27.038021
36.514583333333334,-121.95208333333333,-20.741982
36.514583333333334,-121.94791666666667,9.23625
36.514583333333334,-121.94375,10.729813
36.514583333333334,-121.93958333333333,17.059866
36.514583333333334,-121.93541666666667,36.9424
36.514583333333334,-121.93125,65.438576
36.514583333333334,-121.92708333333333,106.49591
36.514583333333334,-121.92291666666667,184.43658
36.514583333333334,-121.91875,212.69405
36.514583333333334,-121.91458333333333,230.7929
36.514583333333334,-121.91041666666666,183.8272
36.514583333333334,-121.90625,118.31506
36.514583333333334,-121.90208333333334,115.6356
36.514583333333334,-121.89791666666667,164.63951
36.514583333333334,-121.89375,221.09497
36.514583333333334,-121.88958333333333,266.242
36.514583333333334,-121.88541666666667,258.20148
36.514583333333334,-121.88125,234.55547
36.514583333333334,-121.87708333333333,269.66516
36.514583333333334,-121.87291666666667,286.2309
36.514583333333334,-121.86875,171.9664
36.514583333333334,-121.86458333333333,132.15315
36.514583333333334,-121.86041666666667,88.414536
36.514583333333334,-121.85625,174.58765
36.514583333333334,-121.85208333333333,236.80493
36.514583333333334,-121.84791666666666,277.2045
36.514583333333334,-121.84375,277.95688
36.514583333333334,-121.83958333333334,262.50644
36.514583333333334,-121.83541666666667,297.81943
36.514583333333334,-121.83125,303.2681
36.514583333333334,-121.82708333333333,217.4968
36.514583333333334,-121.82291666666667,222.0319
36.514583333333334,-121.81875,190.34715
36.514583333333334,-121.81458333333333,114.12889
36.514583333333334,-121.81041666666667,98.35755
36.514583333333334,-121.80625,124.25293
36.514583333333334,-121.80208333333333,99.58258
36.514583333333334,-121.79791666666667,100.17151
36.514583333333334,-121.79375,129.12143
36.514583333333334,-121.78958333333333,110.8988
36.514583333333334,-121.78541666666666,85.45885
36.514583333333334,-121.78125,69.67849
36.514583333333334,-121.77708333333334,91.381065
36.514583333333334,-121.77291666666667,77.906044
36.514583333333334,-121.76875,110.01471
36.514583333333334,-121.76458333333333,130.32617
36.514583333333334,-121.76041666666667,163.7796
36.514583333333334,-121.75625,208.8791
36.514583333333334,-121.75208333333333,289.03412
36.514583333333334,-121.74791666666667,355.75253
36.514583333333334,-121.74375,436.11343
36.514583333333334,-121.73958333333333,523.7834
36.514583333333334,-121.73541666666667,520.1718
36.514583333333334,-121.73125,524.6052
36.514583333333334,-121.72708333333333,506.78644
36.514583333333334,-121.72291666666666,481.43994
36.514583333333334,-121.71875,416.60583
36.514583333333334,-121.71458333333334,342.19592
36.514583333333334,-121.71041666666667,316.7057
36.514583333333334,-121.70625,284.29947
36.514583333333334,-121.70208333333333,277.73907
36.51875,-122.09791666666666,-1266.1912
36.51875,-122.09375,-1284.3826
36.51875,-122.08958333333334,-1286.7361
36.51875,-122.08541666666667,-1288.5013
36.51875,-122.08125,-1272.8593
36.51875,-122.07708333333333,-1262.4589
36.51875,-122.07291666666667,-1215.9631
36.51875,-122.06875,-1171.2296
36.51875,-122.06458333333333,-1106.0977
36.51875,-122.06041666666667,-1018.8889
36.51875,-122.05625,-952.7185
36.51875,-122.05208333333333,-899.503
36.51875,-122.04791666666667,-837.9134
36.51875,-122.04375,-772.078
36.51875,-122.03958333333333,-710.7499
36.51875,-122.03541666666666,-659.9219
36.51875,-122.03125,-612.8955
36.51875,-122.02708333333334,-566.9269
36.51875,-122.02291666666667,-524.7008
36.51875,-122.01875,-484.00592
36.51875,-122.01458333333333,-435.2918
36.51875,-122.01041666666667,-379.41312
36.51875,-122.00625,-312.37936
36.51875,-122.00208333333333,-246.39864
36.51875,-121.99791666666667,-265.8514
36.51875,-121.99375,-279.1438
36.51875,-121.98958333333333,-279.54578
36.51875,-121.98541666666667,-390.82507
36.51875,-121.98125,-413.91248
36.51875,-121.97708333333333,-303.43173
36.51875,-121.97291666666666,-182.20233
36.51875,-121.96875,-94.93981
36.51875,-121.96458333333334,-63.216686
36.51875,-121.96041666666667,-33.114143
36.51875,-121.95625,-12.2862835
36.51875,-121.95208333333333,14.594511
36.51875,-121.94791666666667,31.50982
36.51875,-121.94375,24.316256
36.51875,-121.93958333333333,11.330207
36.51875,-121.93541666666667,18.633572
36.51875,-121.93125,30.53071
36.51875,-121.92708333333333,46.988354
36.51875,-121.92291666666667,57.912712
36.51875,-121.91875,57.760887
36.51875,-121.91458333333333,71.341644
36.51875,-121.91041666666666,93.44622
36.51875,-121.90625,91.58631
36.51875,-121.90208333333334,142.40187
36.51875,-121.89791666666667,208.44516
36.51875,-121.89375,207.24364
36.51875,-121.88958333333333,210.17227
36.51875,-121.88541666666667,197.8751
36.51875,-121.88125,201.34076
36.51875,-121.87708333333333,240.75537
36.51875,-121.87291666666667,227.26685
36.51875,-121.86875,102.11747
36.51875,-121.86458333333333,70.44262
36.51875,-121.86041666666667,102.32938
36.51875,-121.85625,180.23747
36.51875,-121.85208333333333,203.62502
36.51875,-121.84791666666666,252.85965
36.51875,-121.84375,292.36063
36.51875,-121.83958333333334,276.91388
36.51875,-121.83541666666667,260.5212
36.51875,-121.83125,183.98378
36.51875,-121.82708333333333,139.8975
36.51875,-121.82291666666667,158.78444
36.51875,-121.81875,95.36658
36.51875,-121.81458333333333,53.979023
36.51875,-121.81041666666667,40.926754
36.51875,-121.80625,41.905243
36.51875,-121.80208333333333,46.33631
36.51875,-121.79791666666667,49.033333
36.51875,-121.79375,52.4528
36.51875,-121.78958333333333,58.47178
36.51875,-121.78541666666666,80.21626
36.51875,-121.78125,151.33156
36.51875,-121.77708333333334,182.19698
36.51875,-121.77291666666667,154.1872
36.51875,-121.76875,193.89355
36.51875,-121.76458333333333,212.45831
36.51875,-121.76041666666667,190.62297
36.51875,-121.75625,265.5035
36.51875,-121.75208333333333,355.17813
36.51875,-121.74791666666667,397.35257
36.51875,-121.74375,464.86267
36.51875,-121.73958333333333,492.81848
36.51875,-121.73541666666667,458.04984
36.51875,-121.73125,411.6864
36.51875,-121.72708333333333,379.18204
36.51875,-121.72291666666666,321.9785
36.51875,-121.71875,270.49026
36.51875,-121.71458333333334,245.40094
36.51875,-121.71041666666667,260.2915
36.51875,-121.70625,287.71396
36.51875,-121.70208333333333,331.40707
36.52291666666667,-122.09791666666666,-1329.9664
36.52291666666667,-122.09375,-1397.1785
36.52291666666667,-122.08958333333334,-1386.2404
36.52291666666667,-122.08541666666667,-1372.4363
36.52291666666667,-122.08125,-1357.806
36.52291666666667,-122.07708333333333,-1320.5332
36.52291666666667,-122.07291666666667,-1249.3553
36.52291666666667,-122.06875,-1186.5287
36.52291666666667,-122.06458333333333,-1102.3862
36.52291666666667,-122.06041666666667,-1014.8359
36.52291666666667,-122.05625,-938.3052
36.52291666666667,-122.05208333333333,-854.9053
36.52291666666667,-122.04791666666667,-764.3965
36.52291666666667,-122.04375,-692.1153
36.52291666666667,-122.03958333333333,-637.46204
36.52291666666667,-122.03541666666666,-590.60754
36.52291666666667,-122.03125,-545.8561
36.52291666666667,-122.02708333333334,-505.51367
36.52291666666667,-122.02291666666667,-473.08887
36.52291666666667,-122.01875,-438.61118
36.52291666666667,-122.01458333333333,-396.16187
36.52291666666667,-122.01041666666667,-347.83765
36.52291666666667,-122.00625,-299.72266
36.52291666666667,-122.00208333333333,-307.33228
36.52291666666667,-121.99791666666667,-352.3264
36.52291666666667,-121.99375,-330.6924
36.52291666666667,-121.98958333333333,-409.03265
36.52291666666667,-121.98541666666667,-485.72134
36.52291666666667,-121.98125,-349.92502
36.52291666666667,-121.97708333333333,-177.6448
36.52291666666667,-121.97291666666666,-101.388824
36.52291666666667,-121.96875,-81.53754
36.52291666666667,-121.96458333333334,-65.69815
36.52291666666667,-121.96041666666667,-45.434113
36.52291666666667,-121.95625,-26.406586
36.52291666666667,-121.95208333333333,14.249633
36.52291666666667,-121.94791666666667,24.55808
36.52291666666667,-121.94375,-0.7074466
36.52291666666667,-121.93958333333333,-4.8427405
36.52291666666667,-121.93541666666667,7.28713
36.52291666666667,-121.93125,11.979922
36.52291666666667,-121.92708333333333,7.3620324
36.52291666666667,-121.92291666666667,21.598177
36.52291666666667,-121.91875,101.25889
36.52291666666667,-121.91458333333333,155.8644
36.52291666666667,-121.91041666666666,147.89404
36.52291666666667,-121.90625,160.71057
36.52291666666667,-121.90208333333334,144.23569
36.52291666666667,-121.89791666666667,148.6652
36.52291666666667,-121.89375,166.75156
36.52291666666667,-121.88958333333333,177.27663
36.52291666666667,-121.88541666666667,210.3751
36.52291666666667,-121.88125,218.59134
36.52291666666667,-121.87708333333333,180.71675
36.52291666666667,-121.87291666666667,162.77458
36.52291666666667,-121.86875,92.27902
36.52291666666667,-121.86458333333333,61.155334
36.52291666666667,-121.86041666666667,127.90285
36.52291666666667,-121.85625,133.36098
36.52291666666667,-121.85208333333333,117.0984
36.52291666666667,-121.84791666666666,145.82338
36.52291666666667,-121.84375,106.47022
36.52291666666667,-121.83958333333334,138.17027
36.52291666666667,-121.83541666666667,114.33787
36.52291666666667,-121.83125,80.44213
36.52291666666667,-121.82708333333333,43.8212
36.52291666666667,-121.82291666666667,56.89809
36.52291666666667,-121.81875,48.69191
36.52291666666667,-121.81458333333333,36.880844
36.52291666666667,-121.81041666666667,50.458534
36.52291666666667,-121.80625,66.1552
36.52291666666667,-121.80208333333333,76.44164
36.52291666666667,-121.79791666666667,65.34965
36.52291666666667,-121.79375,64.044174
36.52291666666667,-121.78958333333333,98.12711
36.52291666666667,-121.78541666666666,166.40715
36.52291666666667,-121.78125,207.72551
36.52291666666667,-121.77708333333334,224.18169
36.52291666666667,-121.77291666666667,228.84457
36.52291666666667,-121.76875,251.04968
36.52291666666667,-121.76458333333333,277.19568
36.52291666666667,-121.76041666666667,257.99734
36.52291666666667,-121.75625,302.1117
36.52291666666667,-121.75208333333333,362.95898
36.52291666666667,-121.74791666666667,417.109
36.52291666666667,-121.74375,457.6831
36.52291666666667,-121.73958333333333,409.5114
36.52291666666667,-121.73541666666667,333.29132
36.52291666666667,-121.73125,270.8017
36.52291666666667,-121.72708333333333,221.93173
36.52291666666667,-121.72291666666666,223.69716
36.52291666666667,-121.71875,274.44363
36.52291666666667,-121.71458333333334,293.61813
36.52291666666667,-121.71041666666667,299.74103
36.52291666666667,-121.70625,308.67133
36.52291666666667,-121.70208333333333,311.8326
36.52708333333334,-122.09791666666666,-1457.1334
36.52708333333334,-122.09375,-1528.384
36.52708333333334,-122.08958333333334,-1499.5151
36.52708333333334,-122.08541666666667,-1475.6047
36.52708333333334,-122.08125,-1422.9431
36.52708333333334,-122.07708333333333,-1345.0686
36.52708333333334,-122.07291666666667,-1266.4955
36.52708333333334,-122.06875,-1185.8724
36.52708333333334,-122.06458333333333,-1105.9033
36.52708333333334,-122.06041666666667,-1020.2816
36.52708333333334,-122.05625,-918.8205
36.52708333333334,-122.05208333333333,-824.801
36.52708333333334,-122.04791666666667,-744.5399
36.52708333333334,-122.04375,-678.36096
36.52708333333334,-122.03958333333333,-617.02985
36.52708333333334,-122.03541666666666,-561.9142
36.52708333333334,-122.03125,-518.3852
36.52708333333334,-122.02708333333334,-483.91824
36.52708333333334,-122.02291666666667,-457.12076
36.52708333333334,-122.01875,-427.6407
36.52708333333334,-122.01458333333333,-393.20752
36.52708333333334,-122.01041666666667,-365.30045
36.52708333333334,-122.00625,-367.12442
36.52708333333334,-122.00208333333333,-403.47775
36.52708333333334,-121.99791666666667,-404.44992
36.52708333333334,-121.99375,-445.71097
36.52708333333334,-121.98958333333333,-539.7156
36.52708333333334,-121.98541666666667,-508.3642
36.52708333333334,-121.98125,-388.1881
36.52708333333334,-121.97708333333333,-309.60303
36.52708333333334,-121.97291666666666,-184.53282
36.52708333333334,-121.96875,-112.1368
36.52708333333334,-121.96458333333334,-107.18531
36.52708333333334,-121.96041666666667,-98.377304
36.52708333333334,-121.95625,-80.86915
36.52708333333334,-121.95208333333333,-59.68045
36.52708333333334,-121.94791666666667,-51.21188
36.52708333333334,-121.94375,-71.96311
36.52708333333334,-121.93958333333333,-57.126827
36.52708333333334,-121.93541666666667,-68.47578
36.52708333333334,-121.93125,-65.8305
36.52708333333334,-121.92708333333333,-19.284698
36.52708333333334,-121.92291666666667,21.801306
36.52708333333334,-121.91875,67.97604
36.52708333333334,-121.91458333333333,96.56298
36.52708333333334,-121.91041666666666,83.2444
36.52708333333334,-121.90625,110.58427
36.52708333333334,-121.90208333333334,157.44124
36.52708333333334,-121.89791666666667,173.95676
36.52708333333334,-121.89375,216.41467
36.52708333333334,-121.88958333333333,219.80177
36.52708333333334,-121.88541666666667,165.48404
36.52708333333334,-121.88125,107.39316
36.52708333333334,-121.87708333333333,87.858086
36.52708333333334,-121.87291666666667,82.70493
36.52708333333334,-121.86875,53.730713
36.52708333333334,-121.86458333333333,78.661064
36.52708333333334,-121.86041666666667,61.350533
36.52708333333334,-121.85625,45.703823
36.52708333333334,-121.85208333333333,28.329823
36.52708333333334,-121.84791666666666,29.461733
36.52708333333334,-121.84375,26.612888
36.52708333333334,-121.83958333333334,28.278488
36.52708333333334,-121.83541666666667,28.713423
36.52708333333334,-121.83125,32.12449
36.52708333333334,-121.82708333333333,34.88151
36.52708333333334,-121.82291666666667,37.467155
36.52708333333334,-121.81875,41.675022
36.52708333333334,-121.81458333333333,69.803375
36.52708333333334,-121.81041666666667,98.72489
36.52708333333334,-121.80625,108.92947
36.52708333333334,-121.80208333333333,128.88733
36.52708333333334,-121.79791666666667,160.33133
36.52708333333334,-121.79375,133.77115
36.52708333333334,-121.78958333333333,151.7892
36.52708333333334,-121.78541666666666,189.74138
36.52708333333334,-121.78125,207.19986
36.52708333333334,-121.77708333333334,237.84297
36.52708333333334,-121.77291666666667,266.20978
36.52708333333334,-121.76875,281.7267
36.52708333333334,-121.76458333333333,329.10617
36.52708333333334,-121.76041666666667,312.82944
36.52708333333334,-121.75625,311.88925
36.52708333333334,-121.75208333333333,367.7581
36.52708333333334,-121.74791666666667,404.9474
36.52708333333334,-121.74375,401.9563
36.52708333333334,-121.73958333333333,308.42517
36.52708333333334,-121.73541666666667,213.12782
36.52708333333334,-121.73125,203.50537
36.52708333333334,-121.72708333333333,239.3284
36.52708333333334,-121.72291666666666,286.56937
36.52708333333334,-121.71875,266.3465
36.52708333333334,-121.71458333333334,244.09355
36.52708333333334,-121.71041666666667,239.0424
36.52708333333334,-121.70625,263.81946
36.52708333333334,-121.70208333333333,251.67404
36.53125,-122.09791666666666,-1613.2603
36.53125,-122.09375,-1582.9724
36.53125,-122.08958333333334,-1499.2755
36.53125,-122.08541666666667,-1404.2284
36.53125,-122.08125,-1329.6693
36.53125,-122.07708333333333,-1260.0518
36.53125,-122.07291666666667,-1219.8693
36.53125,-122.06875,-1173.833
36.53125,-122.06458333333333,-1104.9935
36.53125,-122.06041666666667,-1036.3488
36.53125,-122.05625,-958.4901
36.53125,-122.05208333333333,-871.2036
36.53125,-122.04791666666667,-791.71466
36.53125,-122.04375,-699.46155
36.53125,-122.03958333333333,-605.4341
36.53125,-122.03541666666666,-546.8581
36.53125,-122.03125,-503.9336
36.53125,-122.02708333333334,-472.08362
36.53125,-122.02291666666667,-448.00604
36.53125,-122.01875,-418.50714
36.53125,-122.01458333333333,-402.91782
36.53125,-122.01041666666667,-415.46497
36.53125,-122.00625,-439.17697
36.53125,-122.00208333333333,-433.17358
36.53125,-121.99791666666667,-519.4096
36.53125,-121.99375,-611.84357
36.53125,-121.98958333333333,-611.4846
36.53125,-121.98541666666667,-577.00146
36.53125,-121.98125,-539.7298
36.53125,-121.97708333333333,-492.2081
36.53125,-121.97291666666666,-403.479
36.53125,-121.96875,-325.49893
36.53125,-121.96458333333334,-311.6001
36.53125,-121.96041666666667,-298.8198
36.53125,-121.95625,-276.65598
36.53125,-121.95208333333333,-224.31926
36.53125,-121.94791666666667,-170.53156
36.53125,-121.94375,-201.04329
36.53125,-121.93958333333333,-162.84593
36.53125,-121.93541666666667,-126.54042
36.53125,-121.93125,-60.149708
36.53125,-121.92708333333333,-3.0997765
36.53125,-121.92291666666667,27.8112
36.53125,-121.91875,9.618578
36.53125,-121.91458333333333,24.599733
36.53125,-121.91041666666666,24.21209
36.53125,-121.90625,17.029245
36.53125,-121.90208333333334,29.98569
36.53125,-121.89791666666667,88.0688
36.53125,-121.89375,147.66765
36.53125,-121.88958333333333,75.54329
36.53125,-121.88541666666667,100.05849
36.53125,-121.88125,63.969467
36.53125,-121.87708333333333,49.49422
36.53125,-121.87291666666667,50.723335
36.53125,-121.86875,28.426222
36.53125,-121.86458333333333,35.100357
36.53125,-121.86041666666667,24.575245
36.53125,-121.85625,23.09111
36.53125,-121.85208333333333,25.919422
36.53125,-121.84791666666666,28.008577
36.53125,-121.84375,33.55
36.53125,-121.83958333333334,39.985867
36.53125,-121.83541666666667,41.16111
36.53125,-121.83125,46.552757
36.53125,-121.82708333333333,50.91538
36.53125,-121.82291666666667,75.193954
36.53125,-121.81875,80.22889
36.53125,-121.81458333333333,119.77956
36.53125,-121.81041666666667,134.39049
36.53125,-121.80625,145.68529
36.53125,-121.80208333333333,164.92885
36.53125,-121.79791666666667,152.74261
36.53125,-121.79375,174.59587
36.53125,-121.78958333333333,204.01387
36.53125,-121.78541666666666,206.03497
36.53125,-121.78125,203.7112
36.53125,-121.77708333333334,216.53911
36.53125,-121.77291666666667,252.69765
36.53125,-121.76875,280.14307
36.53125,-121.76458333333333,330.58902
36.53125,-121.76041666666667,357.5791
36.53125,-121.75625,380.04083
36.53125,-121.75208333333333,367.4504
36.53125,-121.74791666666667,342.78644
36.53125,-121.74375,302.01675
36.53125,-121.73958333333333,211.41454
36.53125,-121.73541666666667,216.8796
36.53125,-121.73125,285.3762
36.53125,-121.72708333333333,275.76532
36.53125,-121.72291666666666,217.1672
36.53125,-121.71875,215.20422
36.53125,-121.71458333333334,191.40996
36.53125,-121.71041666666667,207.53511
36.53125,-121.70625,214.85075
36.53125,-121.70208333333333,232.2071
36.53541666666666,-122.09791666666666,-1561.8195
36.53541666666666,-122.09375,-1492.007
36.53541666666666,-122.08958333333334,-1432.0424
36.53541666666666,-122.08541666666667,-1370.8933
36.53541666666666,-122.08125,-1359.398
36.53541666666666,-122.07708333333333,-1335.6484
36.53541666666666,-122.07291666666667,-1282.4844
36.53541666666666,-122.06875,-1223.6859
36.53541666666666,-122.06458333333333,-1158.385
36.53541666666666,-122.06041666666667,-1087.2932
36.53541666666666,-122.05625,-986.63135
36.53541666666666,-122.05208333333333,-889.4217
36.53541666666666,-122.04791666666667,-793.86646
36.53541666666666,-122.04375,-687.0674
36.53541666666666,-122.03958333333333,-596.3387
36.53541666666666,-122.03541666666666,-539.6634
36.53541666666666,-122.03125,-497.94922
36.53541666666666,-122.02708333333334,-464.62057
36.53541666666666,-122.02291666666667,-436.39053
36.53541666666666,-122.01875,-419.09714
36.53541666666666,-122.01458333333333,-438.78503
36.53541666666666,-122.01041666666667,-457.68118
36.53541666666666,-122.00625,-449.0512
36.53541666666666,-122.00208333333333,-505.9216
36.53541666666666,-121.99791666666667,-646.19495
36.53541666666666,-121.99375,-641.1501
36.53541666666666,-121.98958333333333,-593.1055
36.53541666666666,-121.98541666666667,-512.25653
36.53541666666666,-121.98125,-453.45993
36.53541666666666,-121.97708333333333,-493.7795
36.53541666666666,-121.97291666666666,-491.4291
36.53541666666666,-121.96875,-464.40002
36.53541666666666,-121.96458333333334,-440.49783
36.53541666666666,-121.96041666666667,-407.74625
36.53541666666666,-121.95625,-363.6121
36.53541666666666,-121.95208333333333,-321.41794
36.53541666666666,-121.94791666666667,-285.6955
36.53541666666666,-121.94375,-196.30232
36.53541666666666,-121.93958333333333,-84.76643
36.53541666666666,-121.93541666666667,-41.953117
36.53541666666666,-121.93125,-22.3819
36.53541666666666,-121.92708333333333,8.730948
36.53541666666666,-121.92291666666667,3.6753669
36.53541666666666,-121.91875,3.9566667
36.53541666666666,-121.91458333333333,6.3328443
36.53541666666666,-121.91041666666666,7.898667
36.53541666666666,-121.90625,8.665466
36.53541666666666,-121.90208333333334,10.305156
36.53541666666666,-121.89791666666667,22.647333
36.53541666666666,-121.89375,25.879734
36.53541666666666,-121.88958333333333,13.730178
36.53541666666666,-121.88541666666667,24.782133
36.53541666666666,-121.88125,30.753023
36.53541666666666,-121.87708333333333,18.895245
36.53541666666666,-121.87291666666667,20.682266
36.53541666666666,-121.86875,19.33409
36.53541666666666,-121.86458333333333,20.558756
36.53541666666666,-121.86041666666667,32.532578
36.53541666666666,-121.85625,48.167465
36.53541666666666,-121.85208333333333,59.74289
36.53541666666666,-121.84791666666666,72.752625
36.53541666666666,-121.84375,112.8716
36.53541666666666,-121.83958333333334,125.949776
36.53541666666666,-121.83541666666667,143.07391
36.53541666666666,-121.83125,153.68605
36.53541666666666,-121.82708333333333,143.3152
36.53541666666666,-121.82291666666667,128.77551
36.53541666666666,-121.81875,95.847336
36.53541666666666,-121.81458333333333,143.9792
36.53541666666666,-121.81041666666667,206.01657
36.53541666666666,-121.80625,215.03848
36.53541666666666,-121.80208333333333,184.05876
36.53541666666666,-121.79791666666667,205.27649
36.53541666666666,-121.79375,184.5644
36.53541666666666,-121.78958333333333,256.50183
36.53541666666666,-121.78541666666666,249.36925
36.53541666666666,-121.78125,234.0788
36.53541666666666,-121.77708333333334,208.1496
36.53541666666666,-121.77291666666667,233.09778
36.53541666666666,-121.76875,239.44537
36.53541666666666,-121.76458333333333,284.1721
36.53541666666666,-121.76041666666667,319.07166
36.53541666666666,-121.75625,358.71545
36.53541666666666,-121.75208333333333,381.579
36.53541666666666,-121.74791666666667,320.56708
36.53541666666666,-121.74375,239.71889
36.53541666666666,-121.73958333333333,166.42964
36.53541666666666,-121.73541666666667,253.29076
36.53541666666666,-121.73125,283.7024
36.53541666666666,-121.72708333333333,210.47974
36.53541666666666,-121.72291666666666,176.53404
36.53541666666666,-121.71875,202.38254
36.53541666666666,-121.71458333333334,232.69502
36.53541666666666,-121.71041666666667,215.59755
36.53541666666666,-121.70625,233.85777
36.53541666666666,-121.70208333333333,265.0631
36.53958333333333,-122.09791666666666,-1491.8898
36.53958333333333,-122.09375,-1502.5845
36.53958333333333,-122.08958333333334,-1508.6265
36.53958333333333,-122.08541666666667,-1492.2437
36.53958333333333,-122.08125,-1426.1486
36.53958333333333,-122.07708333333333,-1356.6416
36.53958333333333,-122.07291666666667,-1265.0895
36.53958333333333,-122.06875,-1162.1646
36.53958333333333,-122.06458333333333,-1070.6578
36.53958333333333,-122.06041666666667,-1002.6191
36.53958333333333,-122.05625,-953.02014
36.53958333333333,-122.05208333333333,-877.6539
36.53958333333333,-122.04791666666667,-791.51843
36.53958333333333,-122.04375,-683.68097
36.53958333333333,-122.03958333333333,-589.18787
36.53958333333333,-122.03541666666666,-537.8168
36.53958333333333,-122.03125,-500.93967
36.53958333333333,-122.02708333333334,-466.25867
36.53958333333333,-122.02291666666667,-442.83463
36.53958333333333,-122.01875,-458.2877
36.53958333333333,-122.01458333333333,-483.3972
36.53958333333333,-122.01041666666667,-507.0852
36.53958333333333,-122.00625,-526.47797
36.53958333333333,-122.00208333333333,-660.96533
36.53958333333333,-121.99791666666667,-682.45605
36.53958333333333,-121.99375,-623.7862
36.53958333333333,-121.98958333333333,-490.85666
36.53958333333333,-121.98541666666667,-281.65134
36.53958333333333,-121.98125,-282.06085
36.53958333333333,-121.97708333333333,-408.94266
36.53958333333333,-121.97291666666666,-424.16574
36.53958333333333,-121.96875,-406.39572
36.53958333333333,-121.96458333333334,-379.33282
36.53958333333333,-121.96041666666667,-278.32242
36.53958333333333,-121.95625,-169.29654
36.53958333333333,-121.95208333333333,-132.55861
36.53958333333333,-121.94791666666667,-139.7883
36.53958333333333,-121.94375,-83.41244
36.53958333333333,-121.93958333333333,-42.45045
36.53958333333333,-121.93541666666667,-18.022274
36.53958333333333,-121.93125,2.6744769
36.53958333333333,-121.92708333333333,3.95838
36.53958333333333,-121.92291666666667,3.5160184
36.53958333333333,-121.91875,6.1168447
36.53958333333333,-121.91458333333333,9.340889
36.53958333333333,-121.91041666666666,9.614133
36.53958333333333,-121.90625,10.477467
36.53958333333333,-121.90208333333334,10.984044
36.53958333333333,-121.89791666666667,12.299689
36.53958333333333,-121.89375,14.096666
36.53958333333333,-121.88958333333333,16.183823
36.53958333333333,-121.88541666666667,15.356045
36.53958333333333,-121.88125,16.7476
36.53958333333333,-121.87708333333333,21.399288
36.53958333333333,-121.87291666666667,36.02049
36.53958333333333,-121.86875,30.314133
36.53958333333333,-121.86458333333333,33.756668
36.53958333333333,-121.86041666666667,50.511288
36.53958333333333,-121.85625,87.13618
36.53958333333333,-121.85208333333333,111.85338
36.53958333333333,-121.84791666666666,87.75769
36.53958333333333,-121.84375,157.44435
36.53958333333333,-121.83958333333334,196.15204
36.53958333333333,-121.83541666666667,207.10147
36.53958333333333,-121.83125,211.84009
36.53958333333333,-121.82708333333333,153.27231
36.53958333333333,-121.82291666666667,127.0804
36.53958333333333,-121.81875,139.45622
36.53958333333333,-121.81458333333333,197.8119
36.53958333333333,-121.81041666666667,239.05911
36.53958333333333,-121.80625,255.38187
36.53958333333333,-121.80208333333333,202.86409
36.53958333333333,-121.79791666666667,258.6351
36.53958333333333,-121.79375,200.1077
36.53958333333333,-121.78958333333333,210.44649
36.53958333333333,-121.78541666666666,265.76605
36.53958333333333,-121.78125,266.5961
36.53958333333333,-121.77708333333334,274.66663
36.53958333333333,-121.77291666666667,244.22005
36.53958333333333,-121.76875,255.94867
36.53958333333333,-121.76458333333333,274.78314
36.53958333333333,-121.76041666666667,315.1141
36.53958333333333,-121.75625,350.53387
36.53958333333333,-121.75208333333333,357.28955
36.53958333333333,-121.74791666666667,283.0406
36.53958333333333,-121.74375,227.63911
36.53958333333333,-121.73958333333333,180.17476
36.53958333333333,-121.73541666666667,178.28827
36.53958333333333,-121.73125,215.9456
36.53958333333333,-121.72708333333333,172.53676
36.53958333333333,-121.72291666666666,177.3612
36.53958333333333,-121.71875,202.81573
36.53958333333333,-121.71458333333334,221.89534
36.53958333333333,-121.71041666666667,219.95467
36.53958333333333,-121.70625,241.64604
36.53958333333333,-121.70208333333333,273.59387
36.54375,-122.09791666666666,-1606.8904
36.54375,-122.09375,-1596.376
36.54375,-122.08958333333334,-1543.1884
36.54375,-122.08541666666667,-1455.5918
36.54375,-122.08125,-1380.7778
36.54375,-122.07708333333333,-1289.9984
36.54375,-122.07291666666667,-1221.1924
36.54375,-122.06875,-1147.003
36.54375,-122.06458333333333,-1037.2411
36.54375,-122.06041666666667,-917.38763
36.54375,-122.05625,-840.42
36.54375,-122.05208333333333,-779.7275
36.54375,-122.04791666666667,-724.4733
36.54375,-122.04375,-648.87476
36.54375,-122.03958333333333,-577.29614
36.54375,-122.03541666666666,-537.76263
36.54375,-122.03125,-506.75116
36.54375,-122.02708333333334,-481.21902
36.54375,-122.02291666666667,-489.1412
36.54375,-122.01875,-514.64417
36.54375,-122.01458333333333,-551.808
36.54375,-122.01041666666667,-614.3811
36.54375,-122.00625,-670.0953
36.54375,-122.00208333333333,-723.1249
36.54375,-121.99791666666667,-666.75104
36.54375,-121.99375,-580.7868
36.54375,-121.98958333333333,-377.95386
36.54375,-121.98541666666667,-135.73242
36.54375,-121.98125,-160.22379
36.54375,-121.97708333333333,-261.5306
36.54375,-121.97291666666666,-268.0853
36.54375,-121.96875,-257.44064
36.54375,-121.96458333333334,-319.6431
36.54375,-121.96041666666667,-240.98773
36.54375,-121.95625,-110.05393
36.54375,-121.95208333333333,-69.9954
36.54375,-121.94791666666667,-54.582417
36.54375,-121.94375,-40.569973
36.54375,-121.93958333333333,-27.038353
36.54375,-121.93541666666667,-9.417604
36.54375,-121.93125,12.203807
36.54375,-121.92708333333333,13.883734
36.54375,-121.92291666666667,21.382355
36.54375,-121.91875,17.778488
36.54375,-121.91458333333333,30.050844
36.54375,-121.91041666666666,39.448933
36.54375,-121.90625,21.06569
36.54375,-121.90208333333334,21.052
36.54375,-121.89791666666667,23.3648
36.54375,-121.89375,33.145424
36.54375,-121.88958333333333,55.439068
36.54375,-121.88541666666667,48.874268
36.54375,-121.88125,65.40622
36.54375,-121.87708333333333,78.508
36.54375,-121.87291666666667,102.37462
36.54375,-121.86875,66.6968
36.54375,-121.86458333333333,95.52071
36.54375,-121.86041666666667,128.4219
36.54375,-121.85625,136.816
36.54375,-121.85208333333333,172.71712
36.54375,-121.84791666666666,116.96809
36.54375,-121.84375,151.7756
36.54375,-121.83958333333334,233.44786
36.54375,-121.83541666666667,215.79689
36.54375,-121.83125,218.12262
36.54375,-121.82708333333333,173.69781
36.54375,-121.82291666666667,153.46703
36.54375,-121.81875,198.59952
36.54375,-121.81458333333333,265.7154
36.54375,-121.81041666666667,281.05627
36.54375,-121.80625,285.0548
36.54375,-121.80208333333333,229.71689
36.54375,-121.79791666666667,260.0599
36.54375,-121.79375,251.25137
36.54375,-121.78958333333333,220.51929
36.54375,-121.78541666666666,236.9352
36.54375,-121.78125,286.5831
36.54375,-121.77708333333334,300.5336
36.54375,-121.77291666666667,325.79694
36.54375,-121.76875,296.56934
36.54375,-121.76458333333333,298.24512
36.54375,-121.76041666666667,325.06094
36.54375,-121.75625,357.4707
36.54375,-121.75208333333333,356.04123
36.54375,-121.74791666666667,308.98117
36.54375,-121.74375,276.0778
36.54375,-121.73958333333333,221.91595
36.54375,-121.73541666666667,152.82756
36.54375,-121.73125,183.83609
36.54375,-121.72708333333333,160.17511
36.54375,-121.72291666666666,200.24045
36.54375,-121.71875,208.48929
36.54375,-121.71458333333334,240.6232
36.54375,-121.71041666666667,272.98123
36.54375,-121.70625,302.72003
36.54375,-121.70208333333333,318.13342
36.547916666666666,-122.09791666666666,-1605.2704
36.547916666666666,-122.09375,-1536.0336
36.547916666666666,-122.08958333333334,-1457.1283
36.547916666666666,-122.08541666666667,-1373.5947
36.547916666666666,-122.08125,-1274.9327
36.547916666666666,-122.07708333333333,-1204.7783
36.547916666666666,-122.07291666666667,-1108.6796
36.547916666666666,-122.06875,-1069.1423
36.547916666666666,-122.06458333333333,-1010.8746
36.547916666666666,-122.06041666666667,-931.0208
36.547916666666666,-122.05625,-834.7841
36.547916666666666,-122.05208333333333,-734.75214
36.547916666666666,-122.04791666666667,-666.482
36.547916666666666,-122.04375,-612.59735
36.547916666666666,-122.03958333333333,-565.24567
36.547916666666666,-122.03541666666666,-529.5685
36.547916666666666,-122.03125,-503.6442
36.547916666666666,-122.02708333333334,-509.61636
36.547916666666666,-122.02291666666667,-594.0051
36.547916666666666,-122.01875,-651.3616
36.547916666666666,-122.01458333333333,-692.9527
36.547916666666666,-122.01041666666667,-739.1628
36.547916666666666,-122.00625,-759.0084
36.547916666666666,-122.00208333333333,-723.8683
36.547916666666666,-121.99791666666667,-631.3182
36.547916666666666,-121.99375,-515.6257
36.547916666666666,-121.98958333333333,-282.29877
36.547916666666666,-121.98541666666667,-105.3044
36.547916666666666,-121.98125,-79.57605
36.547916666666666,-121.97708333333333,-88.35352
36.547916666666666,-121.97291666666666,-90.34038
36.547916666666666,-121.96875,-104.828384
36.547916666666666,-121.96458333333334,-166.43282
36.547916666666666,-121.96041666666667,-199.59773
36.547916666666666,-121.95625,-155.32281
36.547916666666666,-121.95208333333333,-87.93712
36.547916666666666,-121.94791666666667,-50.10096
36.547916666666666,-121.94375,-35.266205
36.547916666666666,-121.93958333333333,-22.539192
36.547916666666666,-121.93541666666667,-10.48625
36.547916666666666,-121.93125,-4.412705
36.547916666666666,-121.92708333333333,22.9729
36.547916666666666,-121.92291666666667,44.132133
36.547916666666666,-121.91875,35.765423
36.547916666666666,-121.91458333333333,52.529865
36.547916666666666,-121.91041666666666,57.80449
36.547916666666666,-121.90625,47.030445
36.547916666666666,-121.90208333333334,61.437023
36.547916666666666,-121.89791666666667,57.08929
36.547916666666666,-121.89375,71.363686
36.547916666666666,-121.88958333333333,90.84155
36.547916666666666,-121.88541666666667,88.47191
36.547916666666666,-121.88125,91.3464
36.547916666666666,-121.87708333333333,119.669556
36.547916666666666,-121.87291666666667,123.230446
36.547916666666666,-121.86875,97.36227
36.547916666666666,-121.86458333333333,92.77396
36.547916666666666,-121.86041666666667,190.61795
36.547916666666666,-121.85625,210.668
36.547916666666666,-121.85208333333333,178.40764
36.547916666666666,-121.84791666666666,189.93622
36.547916666666666,-121.84375,105.72414
36.547916666666666,-121.83958333333334,171.12654
36.547916666666666,-121.83541666666667,194.87636
36.547916666666666,-121.83125,210.69484
36.547916666666666,-121.82708333333333,192.70525
36.547916666666666,-121.82291666666667,237.88133
36.547916666666666,-121.81875,284.54877
36.547916666666666,-121.81458333333333,330.1678
36.547916666666666,-121.81041666666667,328.16675
36.547916666666666,-121.80625,289.73907
36.547916666666666,-121.80208333333333,267.82596
36.547916666666666,-121.79791666666667,287.56152
36.547916666666666,-121.79375,303.75165
36.547916666666666,-121.78958333333333,286.53864
36.547916666666666,-121.78541666666666,247.82356
36.547916666666666,-121.78125,272.65765
36.547916666666666,-121.77708333333334,309.32764
36.547916666666666,-121.77291666666667,346.22787
36.547916666666666,-121.76875,382.9204
36.547916666666666,-121.76458333333333,376.94968
36.547916666666666,-121.76041666666667,369.86902
36.547916666666666,-121.75625,389.37112
36.547916666666666,-121.75208333333333,352.50623
36.547916666666666,-121.74791666666667,292.10147
36.547916666666666,-121.74375,250.728
36.547916666666666,-121.73958333333333,196.81992
36.547916666666666,-121.73541666666667,140.51859
36.547916666666666,-121.73125,139.96436
36.547916666666666,-121.72708333333333,168.93977
36.547916666666666,-121.72291666666666,199.78743
36.547916666666666,-121.71875,212.34666
36.547916666666666,-121.71458333333334,240.34009
36.547916666666666,-121.71041666666667,278.99356
36.547916666666666,-121.70625,304.70932
36.547916666666666,-121.70208333333333,310.47644
36.552083333333336,-122.09791666666666,-1450.1838
36.552083333333336,-122.09375,-1418.9084
36.552083333333336,-122.08958333333334,-1355.914
36.552083333333336,-122.08541666666667,-1278.3723
36.552083333333336,-122.08125,-1186.6395
36.552083333333336,-122.07708333333333,-1101.5851
36.552083333333336,-122.07291666666667,-1042.1729
36.552083333333336,-122.06875,-971.5372
36.552083333333336,-122.06458333333333,-900.37146
36.552083333333336,-122.06041666666667,-838.8924
36.552083333333336,-122.05625,-769.85254
36.552083333333336,-122.05208333333333,-699.9461
36.552083333333336,-122.04791666666667,-646.1784
36.552083333333336,-122.04375,-597.41235
36.552083333333336,-122.03958333333333,-563.79395
36.552083333333336,-122.03541666666666,-547.59045
36.552083333333336,-122.03125,-542.44867
36.552083333333336,-122.02708333333334,-641.4277
36.552083333333336,-122.02291666666667,-786.1117
36.552083333333336,-122.01875,-813.5729
36.552083333333336,-122.01458333333333,-801.0281
36.552083333333336,-122.01041666666667,-777.5316
36.552083333333336,-122.00625,-754.88245
36.552083333333336,-122.00208333333333,-697.1243
36.552083333333336,-121.99791666666667,-594.563
36.552083333333336,-121.99375,-421.519
36.552083333333336,-121.98958333333333,-223.75986
36.552083333333336,-121.98541666666667,-158.39796
36.552083333333336,-121.98125,-101.26049
36.552083333333336,-121.97708333333333,-66.66058
36.552083333333336,-121.97291666666666,-53.045483
36.552083333333336,-121.96875,-48.384933
36.552083333333336,-121.96458333333334,-61.715366
36.552083333333336,-121.96041666666667,-73.45946
36.552083333333336,-121.95625,-78.265175
36.552083333333336,-121.95208333333333,-67.30491
36.552083333333336,-121.94791666666667,-48.96688
36.552083333333336,-121.94375,-30.816805
36.552083333333336,-121.93958333333333,-20.34397
36.552083333333336,-121.93541666666667,-10.470376
36.552083333333336,-121.93125,-2.4699924
36.552083333333336,-121.92708333333333,27.560825
36.552083333333336,-121.92291666666667,56.448532
36.552083333333336,-121.91875,62.1552
36.552083333333336,-121.91458333333333,77.95698
36.552083333333336,-121.91041666666666,91.154755
36.552083333333336,-121.90625,68.936356
36.552083333333336,-121.90208333333334,84.43244
36.552083333333336,-121.89791666666667,92.158264
36.552083333333336,-121.89375,85.38693
36.552083333333336,-121.88958333333333,111.65169
36.552083333333336,-121.88541666666667,122.0328
36.552083333333336,-121.88125,109.327644
36.552083333333336,-121.87708333333333,169.23329
36.552083333333336,-121.87291666666667,151.64822
36.552083333333336,-121.86875,131.00836
36.552083333333336,-121.86458333333333,115.35964
36.552083333333336,-121.86041666666667,183.64876
36.552083333333336,-121.85625,246.7553
36.552083333333336,-121.85208333333333,212.79208
36.552083333333336,-121.84791666666666,201.03072
36.552083333333336,-121.84375,127.70951
36.552083333333336,-121.83958333333334,128.52284
36.552083333333336,-121.83541666666667,142.9772
36.552083333333336,-121.83125,181.58698
36.552083333333336,-121.82708333333333,196.54413
36.552083333333336,-121.82291666666667,220.50174
36.552083333333336,-121.81875,238.67307
36.552083333333336,-121.81458333333333,265.0789
36.552083333333336,-121.81041666666667,278.171
36.552083333333336,-121.80625,253.10008
36.552083333333336,-121.80208333333333,261.3279
36.552083333333336,-121.79791666666667,292.56415
36.552083333333336,-121.79375,317.47797
36.552083333333336,-121.78958333333333,325.86987
36.552083333333336,-121.78541666666666,320.3905
36.552083333333336,-121.78125,331.17688
36.552083333333336,-121.77708333333334,317.3788
36.552083333333336,-121.77291666666667,306.7575
36.552083333333336,-121.76875,342.73303
36.552083333333336,-121.76458333333333,373.08795
36.552083333333336,-121.76041666666667,343.98813
36.552083333333336,-121.75625,320.4822
36.552083333333336,-121.75208333333333,318.95804
36.552083333333336,-121.74791666666667,260.3276
36.552083333333336,-121.74375,215.1056
36.552083333333336,-121.73958333333333,160.4064
36.552083333333336,-121.73541666666667,143.1536
36.552083333333336,-121.73125,124.1456
36.552083333333336,-121.72708333333333,178.82324
36.552083333333336,-121.72291666666666,204.56467
36.552083333333336,-121.71875,209.36427
36.552083333333336,-121.71458333333334,239.39792
36.552083333333336,-121.71041666666667,274.00406
36.552083333333336,-121.70625,300.29898
36.552083333333336,-121.70208333333333,292.01425
36.55625,-122.09791666666666,-1499.16
36.55625,-122.09375,-1442.8347
36.55625,-122.08958333333334,-1396.7666
36.55625,-122.08541666666667,-1326.076
36.55625,-122.08125,-1256.5524
36.55625,-122.07708333333333,-1196.5444
36.55625,-122.07291666666667,-1125.0297
36.55625,-122.06875,-1019.45776
36.55625,-122.06458333333333,-908.1619
36.55625,-122.06041666666667,-813.51385
36.55625,-122.05625,-745.3097
36.55625,-122.05208333333333,-691.90137
36.55625,-122.04791666666667,-643.78
36.55625,-122.04375,-608.7856
36.55625,-122.03958333333333,-673.5318
36.55625,-122.03541666666666,-737.2222
36.55625,-122.03125,-738.8115
36.55625,-122.02708333333334,-826.80725
36.55625,-122.02291666666667,-833.7446
36.55625,-122.01875,-779.1344
36.55625,-122.01458333333333,-721.132
36.55625,-122.01041666666667,-650.9517
36.55625,-122.00625,-621.9775
36.55625,-122.00208333333333,-584.592
36.55625,-121.99791666666667,-547.9836
36.55625,-121.99375,-444.2915
36.55625,-121.98958333333333,-358.752
36.55625,-121.98541666666667,-281.02194
36.55625,-121.98125,-167.53549
36.55625,-121.97708333333333,-78.06989
36.55625,-121.97291666666666,-44.285732
36.55625,-121.96875,-30.994226
36.55625,-121.96458333333334,-37.17022
36.55625,-121.96041666666667,-40.94594
36.55625,-121.95625,-35.145123
36.55625,-121.95208333333333,-37.212418
36.55625,-121.94791666666667,-30.601906
36.55625,-121.94375,-23.518421
36.55625,-121.93958333333333,-15.761051
36.55625,-121.93541666666667,-6.3901935
36.55625,-121.93125,5.014936
36.55625,-121.92708333333333,37.082535
36.55625,-121.92291666666667,68.93418
36.55625,-121.91875,89.96489
36.55625,-121.91458333333333,111.06045
36.55625,-121.91041666666666,111.53111
36.55625,-121.90625,85.03813
36.55625,-121.90208333333334,96.88378
36.55625,-121.89791666666667,101.19369
36.55625,-121.89375,99.21187
36.55625,-121.88958333333333,101.68351
36.55625,-121.88541666666667,144.28662
36.55625,-121.88125,165.71916
36.55625,-121.87708333333333,165.63351
36.55625,-121.87291666666667,195.51466
36.55625,-121.86875,197.12085
36.55625,-121.86458333333333,200.42587
36.55625,-121.86041666666667,178.8195
36.55625,-121.85625,243.21889
36.55625,-121.85208333333333,258.25702
36.55625,-121.84791666666666,233.82103
36.55625,-121.84375,145.03067
36.55625,-121.83958333333334,166.19876
36.55625,-121.83541666666667,201.52937
36.55625,-121.83125,204.28493
36.55625,-121.82708333333333,207.76485
36.55625,-121.82291666666667,240.33774
36.55625,-121.81875,252.28894
36.55625,-121.81458333333333,265.88168
36.55625,-121.81041666666667,242.06769
36.55625,-121.80625,220.8852
36.55625,-121.80208333333333,223.37524
36.55625,-121.79791666666667,239.0504
36.55625,-121.79375,259.8835
36.55625,-121.78958333333333,268.91925
36.55625,-121.78541666666666,297.29852
36.55625,-121.78125,292.94757
36.55625,-121.77708333333334,299.84573
36.55625,-121.77291666666667,308.75876
36.55625,-121.76875,325.1614
36.55625,-121.76458333333333,332.83786
36.55625,-121.76041666666667,297.43884
36.55625,-121.75625,243.94618
36.55625,-121.75208333333333,222.7192
36.55625,-121.74791666666667,180.28534
36.55625,-121.74375,143.2404
36.55625,-121.73958333333333,127.73849
36.55625,-121.73541666666667,126.45689
36.55625,-121.73125,117.058846
36.55625,-121.72708333333333,132.98204
36.55625,-121.72291666666666,157.48671
36.55625,-121.71875,185.82098
36.55625,-121.71458333333334,226.41103
36.55625,-121.71041666666667,258.63986
36.55625,-121.70625,274.63422
36.55625,-121.70208333333333,245.12387
36.56041666666667,-122.09791666666666,-1537.8204
36.56041666666667,-122.09375,-1495.4329
36.56041666666667,-122.08958333333334,-1436.194
36.56041666666667,-122.08541666666667,-1392.6573
36.56041666666667,-122.08125,-1337.9004
36.56041666666667,-122.07708333333333,-1270.5006
36.56041666666667,-122.07291666666667,-1180.6307
36.56041666666667,-122.06875,-1068.8175
36.56041666666667,-122.06458333333333,-948.2335
36.56041666666667,-122.06041666666667,-836.07574
36.56041666666667,-122.05625,-763.96906
36.56041666666667,-122.05208333333333,-706.9569
36.56041666666667,-122.04791666666667,-663.0934
36.56041666666667,-122.04375,-685.8227
36.56041666666667,-122.03958333333333,-833.1013
36.56041666666667,-122.03541666666666,-912.94495
36.56041666666667,-122.03125,-885.346
36.56041666666667,-122.02708333333334,-836.6524
36.56041666666667,-122.02291666666667,-752.9417
36.56041666666667,-122.01875,-674.1154
36.56041666666667,-122.01458333333333,-618.33295
36.56041666666667,-122.01041666666667,-554.17004
36.56041666666667,-122.00625,-498.31302
36.56041666666667,-122.00208333333333,-472.74393
36.56041666666667,-121.99791666666667,-439.0561
36.56041666666667,-121.99375,-407.6212
36.56041666666667,-121.98958333333333,-331.3078
36.56041666666667,-121.98541666666667,-181.1166
36.56041666666667,-121.98125,-92.61721
36.56041666666667,-121.97708333333333,-66.74396
36.56041666666667,-121.97291666666666,-48.952953
36.56041666666667,-121.96875,-28.261402
36.56041666666667,-121.96458333333334,-27.719769
36.56041666666667,-121.96041666666667,-24.802322
36.56041666666667,-121.95625,-16.576796
36.56041666666667,-121.95208333333333,-4.671888
36.56041666666667,-121.94791666666667,-17.78194
36.56041666666667,-121.94375,-13.914152
36.56041666666667,-121.93958333333333,-4.5085855
36.56041666666667,-121.93541666666667,-0.8053659
36.56041666666667,-121.93125,23.98802
36.56041666666667,-121.92708333333333,49.78591
36.56041666666667,-121.92291666666667,80.5632
36.56041666666667,-121.91875,111.77018
36.56041666666667,-121.91458333333333,130.7396
36.56041666666667,-121.91041666666666,121.80529
36.56041666666667,-121.90625,125.98142
36.56041666666667,-121.90208333333334,134.69872
36.56041666666667,-121.89791666666667,160.69214
36.56041666666667,-121.89375,180.76671
36.56041666666667,-121.88958333333333,148.70058
36.56041666666667,-121.88541666666667,165.48662
36.56041666666667,-121.88125,224.08191
36.56041666666667,-121.87708333333333,261.40726
36.56041666666667,-121.87291666666667,238.59969
36.56041666666667,-121.86875,218.80444
36.56041666666667,-121.86458333333333,199.25737
36.56041666666667,-121.86041666666667,208.7121
36.56041666666667,-121.85625,249.8068
36.56041666666667,-121.85208333333333,266.6664
36.56041666666667,-121.84791666666666,215.19026
36.56041666666667,-121.84375,155.74796
36.56041666666667,-121.83958333333334,210.292
36.56041666666667,-121.83541666666667,247.48978
36.56041666666667,-121.83125,246.5632
36.56041666666667,-121.82708333333333,256.4716
36.56041666666667,-121.82291666666667,260.80115
36.56041666666667,-121.81875,265.1002
36.56041666666667,-121.81458333333333,250.91263
36.56041666666667,-121.81041666666667,194.73111
36.56041666666667,-121.80625,175.18454
36.56041666666667,-121.80208333333333,166.56076
36.56041666666667,-121.79791666666667,193.64676
36.56041666666667,-121.79375,233.50648
36.56041666666667,-121.78958333333333,246.46205
36.56041666666667,-121.78541666666666,242.41454
36.56041666666667,-121.78125,211.09013
36.56041666666667,-121.77708333333334,217.5844
36.56041666666667,-121.77291666666667,213.95671
36.56041666666667,-121.76875,235.83818
36.56041666666667,-121.76458333333333,231.42035
36.56041666666667,-121.76041666666667,208.13844
36.56041666666667,-121.75625,192.86026
36.56041666666667,-121.75208333333333,197.38315
36.56041666666667,-121.74791666666667,191.40817
36.56041666666667,-121.74375,184.05765
36.56041666666667,-121.73958333333333,173.03333
36.56041666666667,-121.73541666666667,143.82814
36.56041666666667,-121.73125,118.09707
36.56041666666667,-121.72708333333333,119.270935
36.56041666666667,-121.72291666666666,171.03387
36.56041666666667,-121.71875,217.81631
36.56041666666667,-121.71458333333334,252.90373
36.56041666666667,-121.71041666666667,265.32852
36.56041666666667,-121.70625,216.82884
36.56041666666667,-121.70208333333333,180.3448
36.56458333333333,-122.09791666666666,-1397.861
36.56458333333333,-122.09375,-1383.4286
36.56458333333333,-122.08958333333334,-1315.3035
36.56458333333333,-122.08541666666667,-1273.9008
36.56458333333333,-122.08125,-1235.1953
36.56458333333333,-122.07708333333333,-1178.2543
36.56458333333333,-122.07291666666667,-1121.1053
36.56458333333333,-122.06875,-1022.5449
36.56458333333333,-122.06458333333333,-941.6747
36.56458333333333,-122.06041666666667,-862.98694
36.56458333333333,-122.05625,-796.4274
36.56458333333333,-122.05208333333333,-734.89954
36.56458333333333,-122.04791666666667,-739.9394
36.56458333333333,-122.04375,-853.2958
36.56458333333333,-122.03958333333333,-952.9944
36.56458333333333,-122.03541666666666,-926.3681
36.56458333333333,-122.03125,-851.457
36.56458333333333,-122.02708333333334,-765.632
36.56458333333333,-122.02291666666667,-690.4713
36.56458333333333,-122.01875,-596.0253
36.56458333333333,-122.01458333333333,-522.64026
36.56458333333333,-122.01041666666667,-476.47086
36.56458333333333,-122.00625,-426.739
36.56458333333333,-122.00208333333333,-385.57455
36.56458333333333,-121.99791666666667,-330.83203
36.56458333333333,-121.99375,-269.49066
36.56458333333333,-121.98958333333333,-167.53253
36.56458333333333,-121.98541666666667,-90.553185
36.56458333333333,-121.98125,-62.97166
36.56458333333333,-121.97708333333333,-53.891434
36.56458333333333,-121.97291666666666,-38.821114
36.56458333333333,-121.96875,-23.895782
36.56458333333333,-121.96458333333334,-16.440641
36.56458333333333,-121.96041666666667,-7.2718554
36.56458333333333,-121.95625,24.77929
36.56458333333333,-121.95208333333333,21.974258
36.56458333333333,-121.94791666666667,-4.922743
36.56458333333333,-121.94375,-2.7497478
36.56458333333333,-121.93958333333333,17.004648
36.56458333333333,-121.93541666666667,40.761513
36.56458333333333,-121.93125,67.26062
36.56458333333333,-121.92708333333333,96.069244
36.56458333333333,-121.92291666666667,96.35684
36.56458333333333,-121.91875,131.48009
36.56458333333333,-121.91458333333333,163.72974
36.56458333333333,-121.91041666666666,163.63849
36.56458333333333,-121.90625,181.85356
36.56458333333333,-121.90208333333334,171.558
36.56458333333333,-121.89791666666667,226.18605
36.56458333333333,-121.89375,224.05173
36.56458333333333,-121.88958333333333,217.27573
36.56458333333333,-121.88541666666667,205.36418
36.56458333333333,-121.88125,215.31769
36.56458333333333,-121.87708333333333,247.29208
36.56458333333333,-121.87291666666667,251.01018
36.56458333333333,-121.86875,221.72214
36.56458333333333,-121.86458333333333,230.17432
36.56458333333333,-121.86041666666667,228.2256
36.56458333333333,-121.85625,209.60498
36.56458333333333,-121.85208333333333,227.5704
36.56458333333333,-121.84791666666666,192.32057
36.56458333333333,-121.84375,190.72325
36.56458333333333,-121.83958333333334,184.00992
36.56458333333333,-121.83541666666667,195.17334
36.56458333333333,-121.83125,221.59271
36.56458333333333,-121.82708333333333,225.05075
36.56458333333333,-121.82291666666667,212.6764
36.56458333333333,-121.81875,217.19035
36.56458333333333,-121.81458333333333,192.79355
36.56458333333333,-121.81041666666667,168.58147
36.56458333333333,-121.80625,137.24236
36.56458333333333,-121.80208333333333,194.22289
36.56458333333333,-121.79791666666667,230.59
36.56458333333333,-121.79375,235.8413
36.56458333333333,-121.78958333333333,237.67125
36.56458333333333,-121.78541666666666,224.86507
36.56458333333333,-121.78125,160.3408
36.56458333333333,-121.77708333333334,125.53329
36.56458333333333,-121.77291666666667,148.97165
36.56458333333333,-121.76875,185.89272
36.56458333333333,-121.76458333333333,158.93898
36.56458333333333,-121.76041666666667,189.53609
36.56458333333333,-121.75625,171.10352
36.56458333333333,-121.75208333333333,168.68208
36.56458333333333,-121.74791666666667,185.39432
36.56458333333333,-121.74375,173.7533
36.56458333333333,-121.73958333333333,154.00746
36.56458333333333,-121.73541666666667,137.53204
36.56458333333333,-121.73125,115.66271
36.56458333333333,-121.72708333333333,104.99111
36.56458333333333,-121.72291666666666,133.87106
36.56458333333333,-121.71875,175.93675
36.56458333333333,-121.71458333333334,199.05298
36.56458333333333,-121.71041666666667,212.8932
36.56458333333333,-121.70625,162.8484
36.56458333333333,-121.70208333333333,166.15631
36.56875,-122.09791666666666,-1243.3473
36.56875,-122.09375,-1265.4591
36.56875,-122.08958333333334,-1235.2811
36.56875,-122.08541666666667,-1149.1093
36.56875,-122.08125,-1091.5907
36.56875,-122.07708333333333,-1032.3931
36.56875,-122.07291666666667,-1003.3742
36.56875,-122.06875,-953.37427
36.56875,-122.06458333333333,-901.48096
36.56875,-122.06041666666667,-854.38666
36.56875,-122.05625,-798.15265
36.56875,-122.05208333333333,-780.2488
36.56875,-122.04791666666667,-903.3021
36.56875,-122.04375,-994.3612
36.56875,-122.03958333333333,-978.8878
36.56875,-122.03541666666666,-874.66437
36.56875,-122.03125,-779.38556
36.56875,-122.02708333333334,-694.5923
36.56875,-122.02291666666667,-607.18164
36.56875,-122.01875,-515.31335
36.56875,-122.01458333333333,-468.32086
36.56875,-122.01041666666667,-431.73697
36.56875,-122.00625,-388.16168
36.56875,-122.00208333333333,-332.51556
36.56875,-121.99791666666667,-242.12401
36.56875,-121.99375,-126.21063
36.56875,-121.98958333333333,-83.157486
36.56875,-121.98541666666667,-64.50897
36.56875,-121.98125,-51.074364
36.56875,-121.97708333333333,-39.86134
36.56875,-121.97291666666666,-23.532057
36.56875,-121.96875,-1.1207179
36.56875,-121.96458333333334,29.291876
36.56875,-121.96041666666667,47.961555
36.56875,-121.95625,47.828
36.56875,-121.95208333333333,28.038784
36.56875,-121.94791666666667,16.665407
36.56875,-121.94375,17.5932
36.56875,-121.93958333333333,30.820444
36.56875,-121.93541666666667,66.06556
36.56875,-121.93125,104.9304
36.56875,-121.92708333333333,124.09511
36.56875,-121.92291666666667,103.280846
36.56875,-121.91875,137.86458
36.56875,-121.91458333333333,185.70734
36.56875,-121.91041666666666,197.22893
36.56875,-121.90625,223.68227
36.56875,-121.90208333333334,212.5196
36.56875,-121.89791666666667,214.90262
36.56875,-121.89375,207.17204
36.56875,-121.88958333333333,186.63538
36.56875,-121.88541666666667,144.47618
36.56875,-121.88125,159.96596
36.56875,-121.87708333333333,166.01013
36.56875,-121.87291666666667,170.18977
36.56875,-121.86875,171.46458
36.56875,-121.86458333333333,182.14227
36.56875,-121.86041666666667,184.17796
36.56875,-121.85625,143.8876
36.56875,-121.85208333333333,163.67813
36.56875,-121.84791666666666,210.63925
36.56875,-121.84375,167.87524
36.56875,-121.83958333333334,163.67632
36.56875,-121.83541666666667,133.88005
36.56875,-121.83125,120.38435
36.56875,-121.82708333333333,125.57978
36.56875,-121.82291666666667,141.03427
36.56875,-121.81875,135.8964
36.56875,-121.81458333333333,119.01427
36.56875,-121.81041666666667,106.033775
36.56875,-121.80625,129.18893
36.56875,-121.80208333333333,118.3228
36.56875,-121.79791666666667,112.63871
36.56875,-121.79375,122.79658
36.56875,-121.78958333333333,128.8208
36.56875,-121.78541666666666,116.88827
36.56875,-121.78125,108.594536
36.56875,-121.77708333333334,110.333374
36.56875,-121.77291666666667,129.00497
36.56875,-121.76875,140.45685
36.56875,-121.76458333333333,143.76938
36.56875,-121.76041666666667,147.65013
36.56875,-121.75625,142.74236
36.56875,-121.75208333333333,153.60458
36.56875,-121.74791666666667,159.25685
36.56875,-121.74375,169.06676
36.56875,-121.73958333333333,164.704
36.56875,-121.73541666666667,140.13698
36.56875,-121.73125,118.351776
36.56875,-121.72708333333333,101.965866
36.56875,-121.72291666666666,113.1416
36.56875,-121.71875,170.5415
36.56875,-121.71458333333334,165.65547
36.56875,-121.71041666666667,131.93698
36.56875,-121.70625,143.8913
36.56875,-121.70208333333333,171.44226
36.572916666666664,-122.09791666666666,-1171.5234
36.572916666666664,-122.09375,-1154.4089
36.572916666666664,-122.08958333333334,-1126.1803
36.572916666666664,-122.08541666666667,-1065.529
36.572916666666664,-122.08125,-1006.7827
36.572916666666664,-122.07708333333333,-960.8183
36.572916666666664,-122.07291666666667,-924.4727
36.572916666666664,-122.06875,-893.7005
36.572916666666664,-122.06458333333333,-866.8772
36.572916666666664,-122.06041666666667,-836.25256
36.572916666666664,-122.05625,-783.3865
36.572916666666664,-122.05208333333333,-871.4036
36.572916666666664,-122.04791666666667,-1022.6802
36.572916666666664,-122.04375,-1015.0527
36.572916666666664,-122.03958333333333,-880.3752
36.572916666666664,-122.03541666666666,-776.60724
36.572916666666664,-122.03125,-724.54297
36.572916666666664,-122.02708333333334,-626.08215
36.572916666666664,-122.02291666666667,-518.88043
36.572916666666664,-122.01875,-446.27576
36.572916666666664,-122.01458333333333,-412.9162
36.572916666666664,-122.01041666666667,-380.68924
36.572916666666664,-122.00625,-332.90305
36.572916666666664,-122.00208333333333,-226.91347
36.572916666666664,-121.99791666666667,-138.21387
36.572916666666664,-121.99375,-90.38111
36.572916666666664,-121.98958333333333,-70.8315
36.572916666666664,-121.98541666666667,-56.141525
36.572916666666664,-121.98125,-35.2985
36.572916666666664,-121.97708333333333,-20.491514
36.572916666666664,-121.97291666666666,-5.520656
36.572916666666664,-121.96875,35.35378
36.572916666666664,-121.96458333333334,65.87449
36.572916666666664,-121.96041666666667,47.041866
36.572916666666664,-121.95625,46.050888
36.572916666666664,-121.95208333333333,46.707554
36.572916666666664,-121.94791666666667,53.128933
36.572916666666664,-121.94375,55.823112
36.572916666666664,-121.93958333333333,71.7964
36.572916666666664,-121.93541666666667,110.8344
36.572916666666664,-121.93125,136.10512
36.572916666666664,-121.92708333333333,139.91884
36.572916666666664,-121.92291666666667,146.3212
36.572916666666664,-121.91875,120.469734
36.572916666666664,-121.91458333333333,143.36325
36.572916666666664,-121.91041666666666,188.95334
36.572916666666664,-121.90625,218.65662
36.572916666666664,-121.90208333333334,200.83414
36.572916666666664,-121.89791666666667,166.67409
36.572916666666664,-121.89375,145.21262
36.572916666666664,-121.88958333333333,148.202
36.572916666666664,-121.88541666666667,147.62671
36.572916666666664,-121.88125,126.8852
36.572916666666664,-121.87708333333333,102.36285
36.572916666666664,-121.87291666666667,94.16493
36.572916666666664,-121.86875,116.2316
36.572916666666664,-121.86458333333333,105.96484
36.572916666666664,-121.86041666666667,110.66213
36.572916666666664,-121.85625,117.07489
36.572916666666664,-121.85208333333333,172.04027
36.572916666666664,-121.84791666666666,200.50609
36.572916666666664,-121.84375,156.78258
36.572916666666664,-121.83958333333334,128.67587
36.572916666666664,-121.83541666666667,117.27844
36.572916666666664,-121.83125,98.508224
36.572916666666664,-121.82708333333333,75.007286
36.572916666666664,-121.82291666666667,72.98609
36.572916666666664,-121.81875,58.9032
36.572916666666664,-121.81458333333333,68.83111
36.572916666666664,-121.81041666666667,67.53369
36.572916666666664,-121.80625,77.09204
36.572916666666664,-121.80208333333333,93.4008
36.572916666666664,-121.79791666666667,109.72329
36.572916666666664,-121.79375,116.22071
36.572916666666664,-121.78958333333333,126.90787
36.572916666666664,-121.78541666666666,127.83
36.572916666666664,-121.78125,137.66426
36.572916666666664,-121.77708333333334,133.02702
36.572916666666664,-121.77291666666667,126.278534
36.572916666666664,-121.76875,132.15569
36.572916666666664,-121.76458333333333,134.80128
36.572916666666664,-121.76041666666667,152.94662
36.572916666666664,-121.75625,166.97449
36.572916666666664,-121.75208333333333,174.20467
36.572916666666664,-121.74791666666667,188.8063
36.572916666666664,-121.74375,156.68378
36.572916666666664,-121.73958333333333,143.1433
36.572916666666664,-121.73541666666667,134.05533
36.572916666666664,-121.73125,111.83822
36.572916666666664,-121.72708333333333,93.667114
36.572916666666664,-121.72291666666666,95.5296
36.572916666666664,-121.71875,118.74453
36.572916666666664,-121.71458333333334,107.25933
36.572916666666664,-121.71041666666667,137.41693
36.572916666666664,-121.70625,192.05582
36.572916666666664,-121.70208333333333,230.12627
36.577083333333334,-122.09791666666666,-1195.4662
36.577083333333334,-122.09375,-1150.7195
36.577083333333334,-122.08958333333334,-1106.7972
36.577083333333334,-122.08541666666667,-1055.0199
36.577083333333334,-122.08125,-996.99475
36.577083333333334,-122.07708333333333,-939.3534
36.577083333333334,-122.07291666666667,-883.22217
36.577083333333334,-122.06875,-835.90063
36.577083333333334,-122.06458333333333,-806.14276
36.577083333333334,-122.06041666666667,-776.97546
36.577083333333334,-122.05625,-764.3668
36.577083333333334,-122.05208333333333,-912.6915
36.577083333333334,-122.04791666666667,-1058.113
36.577083333333334,-122.04375,-964.85065
36.577083333333334,-122.03958333333333,-808.4165
36.577083333333334,-122.03541666666666,-793.5007
36.577083333333334,-122.03125,-699.68243
36.577083333333334,-122.02708333333334,-538.3449
36.577083333333334,-122.02291666666667,-451.14978
36.577083333333334,-122.01875,-411.34995
36.577083333333334,-122.01458333333333,-385.91794
36.577083333333334,-122.01041666666667,-348.9698
36.577083333333334,-122.00625,-279.13284
36.577083333333334,-122.00208333333333,-155.19106
36.577083333333334,-121.99791666666667,-86.50924
36.577083333333334,-121.99375,-77.58752
36.577083333333334,-121.98958333333333,-67.30013
36.577083333333334,-121.98541666666667,-52.043976
36.577083333333334,-121.98125,-24.74741
36.577083333333334,-121.97708333333333,-5.3255944
36.577083333333334,-121.97291666666666,13.476911
36.577083333333334,-121.96875,27.885244
36.577083333333334,-121.96458333333334,26.351955
36.577083333333334,-121.96041666666667,31.04769
36.577083333333334,-121.95625,45.740845
36.577083333333334,-121.95208333333333,61.59129
36.577083333333334,-121.94791666666667,90.406975
36.577083333333334,-121.94375,102.94836
36.577083333333334,-121.93958333333333,115.247826
36.577083333333334,-121.93541666666667,136.52573
36.577083333333334,-121.93125,174.84071
36.577083333333334,-121.92708333333333,193.6453
36.577083333333334,-121.92291666666667,168.59311
36.577083333333334,-121.91875,174.51222
36.577083333333334,-121.91458333333333,185.79018
36.577083333333334,-121.91041666666666,175.18324
36.577083333333334,-121.90625,164.29684
36.577083333333334,-121.90208333333334,176.54964
36.577083333333334,-121.89791666666667,114.940445
36.577083333333334,-121.89375,86.3492
36.577083333333334,-121.88958333333333,92.84369
36.577083333333334,-121.88541666666667,101.93631
36.577083333333334,-121.88125,88.7324
36.577083333333334,-121.87708333333333,89.49351
36.577083333333334,-121.87291666666667,68.81209
36.577083333333334,-121.86875,74.46373
36.577083333333334,-121.86458333333333,73.83173
36.577083333333334,-121.86041666666667,90.23227
36.577083333333334,-121.85625,100.94849
36.577083333333334,-121.85208333333333,117.38885
36.577083333333334,-121.84791666666666,121.80213
36.577083333333334,-121.84375,118.81133
36.577083333333334,-121.83958333333334,92.37125
36.577083333333334,-121.83541666666667,82.572624
36.577083333333334,-121.83125,69.40716
36.577083333333334,-121.82708333333333,46.60533
36.577083333333334,-121.82291666666667,53.42751
36.577083333333334,-121.81875,69.24351
36.577083333333334,-121.81458333333333,76.62671
36.577083333333334,-121.81041666666667,90.160446
36.577083333333334,-121.80625,111.80485
36.577083333333334,-121.80208333333333,121.33796
36.577083333333334,-121.79791666666667,148.1568
36.577083333333334,-121.79375,178.97191
36.577083333333334,-121.78958333333333,175.71231
36.577083333333334,-121.78541666666666,189.59338
36.577083333333334,-121.78125,181.53632
36.577083333333334,-121.77708333333334,179.03027
36.577083333333334,-121.77291666666667,161.7432
36.577083333333334,-121.76875,152.7201
36.577083333333334,-121.76458333333333,164.36346
36.577083333333334,-121.76041666666667,185.34729
36.577083333333334,-121.75625,218.81076
36.577083333333334,-121.75208333333333,233.9631
36.577083333333334,-121.74791666666667,218.2187
36.577083333333334,-121.74375,193.50067
36.577083333333334,-121.73958333333333,177.64693
36.577083333333334,-121.73541666666667,133.07982
36.577083333333334,-121.73125,112.411064
36.577083333333334,-121.72708333333333,94.13067
36.577083333333334,-121.72291666666666,86.56075
36.577083333333334,-121.71875,86.505066
36.577083333333334,-121.71458333333334,109.58485
36.577083333333334,-121.71041666666667,156.13907
36.577083333333334,-121.70625,170.71924
36.577083333333334,-121.70208333333333,194.7888
36.58125,-122.09791666666666,-1287.9535
36.58125,-122.09375,-1246.0475
36.58125,-122.08958333333334,-1216.7761
36.58125,-122.08541666666667,-1147.1594
36.58125,-122.08125,-1058.6575
36.58125,-122.07708333333333,-964.9581
36.58125,-122.07291666666667,-875.4735
36.58125,-122.06875,-799.4958
36.58125,-122.06458333333333,-742.8816
36.58125,-122.06041666666667,-735.7595
36.58125,-122.05625,-846.24866
36.58125,-122.05208333333333,-1003.1906
36.58125,-122.04791666666667,-1084.4362
36.58125,-122.04375,-1002.96875
36.58125,-122.03958333333333,-903.44073
36.58125,-122.03541666666666,-839.8601
36.58125,-122.03125,-626.2717
36.58125,-122.02708333333334,-446.42783
36.58125,-122.02291666666667,-436.11615
36.58125,-122.01875,-418.65048
36.58125,-122.01458333333333,-383.89575
36.58125,-122.01041666666667,-338.86185
36.58125,-122.00625,-256.92703
36.58125,-122.00208333333333,-160.61966
36.58125,-121.99791666666667,-114.4015
36.58125,-121.99375,-79.35635
36.58125,-121.98958333333333,-61.84817
36.58125,-121.98541666666667,-44.10937
36.58125,-121.98125,-18.358694
36.58125,-121.97708333333333,-1.0252497
36.58125,-121.97291666666666,11.225748
36.58125,-121.96875,11.032601
36.58125,-121.96458333333334,33.926178
36.58125,-121.96041666666667,56.08911
36.58125,-121.95625,68.189156
36.58125,-121.95208333333333,78.10102
36.58125,-121.94791666666667,83.98893
36.58125,-121.94375,105.72716
36.58125,-121.93958333333333,125.68338
36.58125,-121.93541666666667,144.1383
36.58125,-121.93125,171.18538
36.58125,-121.92708333333333,204.71436
36.58125,-121.92291666666667,215.50244
36.58125,-121.91875,212.35791
36.58125,-121.91458333333333,178.05124
36.58125,-121.91041666666666,161.05103
36.58125,-121.90625,129.19484
36.58125,-121.90208333333334,102.08164
36.58125,-121.89791666666667,82.515686
36.58125,-121.89375,70.24351
36.58125,-121.88958333333333,62.59782
36.58125,-121.88541666666667,49.086445
36.58125,-121.88125,59.45969
36.58125,-121.87708333333333,65.564575
36.58125,-121.87291666666667,50.881065
36.58125,-121.86875,55.082756
36.58125,-121.86458333333333,55.11822
36.58125,-121.86041666666667,63.634712
36.58125,-121.85625,69.37271
36.58125,-121.85208333333333,69.38813
36.58125,-121.84791666666666,74.981064
36.58125,-121.84375,80.57684
36.58125,-121.83958333333334,81.85169
36.58125,-121.83541666666667,68.36378
36.58125,-121.83125,53.75107
36.58125,-121.82708333333333,48.179688
36.58125,-121.82291666666667,69.09929
36.58125,-121.81875,78.28467
36.58125,-121.81458333333333,77.696846
36.58125,-121.81041666666667,98.17502
36.58125,-121.80625,114.618225
36.58125,-121.80208333333333,133.80782
36.58125,-121.79791666666667,153.70538
36.58125,-121.79375,189.35751
36.58125,-121.78958333333333,206.0969
36.58125,-121.78541666666666,215.4852
36.58125,-121.78125,226.01494
36.58125,-121.77708333333334,221.12183
36.58125,-121.77291666666667,223.34302
36.58125,-121.76875,189.5844
36.58125,-121.76458333333333,203.17049
36.58125,-121.76041666666667,210.13467
36.58125,-121.75625,231.11316
36.58125,-121.75208333333333,247.85547
36.58125,-121.74791666666667,237.74036
36.58125,-121.74375,183.45903
36.58125,-121.73958333333333,167.65671
36.58125,-121.73541666666667,168.18338
36.58125,-121.73125,134.49533
36.58125,-121.72708333333333,106.546715
36.58125,-121.72291666666666,95.22244
36.58125,-121.71875,79.51005
36.58125,-121.71458333333334,77.225334
36.58125,-121.71041666666667,118.71876
36.58125,-121.70625,154.68378
36.58125,-121.70208333333333,199.21529
36.58541666666667,-122.09791666666666,-1425.9153
36.58541666666667,-122.09375,-1392.2152
36.58541666666667,-122.08958333333334,-1371.6462
36.58541666666667,-122.08541666666667,-1304.3793
36.58541666666667,-122.08125,-1210.1555
36.58541666666667,-122.07708333333333,-1085.402
36.58541666666667,-122.07291666666667,-941.01196
36.58541666666667,-122.06875,-813.71716
36.58541666666667,-122.06458333333333,-720.0895
36.58541666666667,-122.06041666666667,-690.745
36.58541666666667,-122.05625,-823.5741
36.58541666666667,-122.05208333333333,-1022.6329
36.58541666666667,-122.04791666666667,-1120.086
36.58541666666667,-122.04375,-1081.5775
36.58541666666667,-122.03958333333333,-972.73816
36.58541666666667,-122.03541666666666,-778.608
36.58541666666667,-122.03125,-565.4701
36.58541666666667,-122.02708333333334,-492.55322
36.58541666666667,-122.02291666666667,-489.57373
36.58541666666667,-122.01875,-448.0385
36.58541666666667,-122.01458333333333,-411.48114
36.58541666666667,-122.01041666666667,-369.85828
36.58541666666667,-122.00625,-316.713
36.58541666666667,-122.00208333333333,-258.119
36.58541666666667,-121.99791666666667,-190.30324
36.58541666666667,-121.99375,-114.6001
36.58541666666667,-121.98958333333333,-64.36824
36.58541666666667,-121.98541666666667,-44.70941
36.58541666666667,-121.98125,-26.045336
36.58541666666667,-121.97708333333333,-12.244924
36.58541666666667,-121.97291666666666,-3.949486
36.58541666666667,-121.96875,-0.040338818
36.58541666666667,-121.96458333333334,14.907941
36.58541666666667,-121.96041666666667,31.16849
36.58541666666667,-121.95625,46.33911
36.58541666666667,-121.95208333333333,53.573643
36.58541666666667,-121.94791666666667,64.27484
36.58541666666667,-121.94375,92.71182
36.58541666666667,-121.93958333333333,127.18729
36.58541666666667,-121.93541666666667,149.07062
36.58541666666667,-121.93125,156.68431
36.58541666666667,-121.92708333333333,190.29173
36.58541666666667,-121.92291666666667,235.31325
36.58541666666667,-121.91875,209.69382
36.58541666666667,-121.91458333333333,168.88872
36.58541666666667,-121.91041666666666,124.99902
36.58541666666667,-121.90625,88.47787
36.58541666666667,-121.90208333333334,67.94084
36.58541666666667,-121.89791666666667,61.690887
36.58541666666667,-121.89375,56.593246
36.58541666666667,-121.88958333333333,48.57191
36.58541666666667,-121.88541666666667,42.68578
36.58541666666667,-121.88125,47.52449
36.58541666666667,-121.87708333333333,48.163776
36.58541666666667,-121.87291666666667,42.39209
36.58541666666667,-121.86875,42.31222
36.58541666666667,-121.86458333333333,44.64582
36.58541666666667,-121.86041666666667,54.078133
36.58541666666667,-121.85625,63.696312
36.58541666666667,-121.85208333333333,67.90409
36.58541666666667,-121.84791666666666,63.161022
36.58541666666667,-121.84375,68.13102
36.58541666666667,-121.83958333333334,70.35333
36.58541666666667,-121.83541666666667,73.86373
36.58541666666667,-121.83125,49.722668
36.58541666666667,-121.82708333333333,59.940533
36.58541666666667,-121.82291666666667,69.830444
36.58541666666667,-121.81875,68.29546
36.58541666666667,-121.81458333333333,86.11969
36.58541666666667,-121.81041666666667,100.38089
36.58541666666667,-121.80625,115.526886
36.58541666666667,-121.80208333333333,134.44026
36.58541666666667,-121.79791666666667,147.6509
36.58541666666667,-121.79375,170.24698
36.58541666666667,-121.78958333333333,207.49614
36.58541666666667,-121.78541666666666,234.86627
36.58541666666667,-121.78125,235.5412
36.58541666666667,-121.77708333333334,242.90334
36.58541666666667,-121.77291666666667,257.9711
36.58541666666667,-121.76875,245.1372
36.58541666666667,-121.76458333333333,239.43707
36.58541666666667,-121.76041666666667,253.35152
36.58541666666667,-121.75625,234.69781
36.58541666666667,-121.75208333333333,244.88489
36.58541666666667,-121.74791666666667,267.94925
36.58541666666667,-121.74375,212.436
36.58541666666667,-121.73958333333333,190.1224
36.58541666666667,-121.73541666666667,178.90266
36.58541666666667,-121.73125,161.48431
36.58541666666667,-121.72708333333333,166.79066
36.58541666666667,-121.72291666666666,127.343155
36.58541666666667,-121.71875,95.789154
36.58541666666667,-121.71458333333334,70.98133
36.58541666666667,-121.71041666666667,106.36378
36.58541666666667,-121.70625,151.03276
36.58541666666667,-121.70208333333333,163.75671
36.58958333333334,-122.09791666666666,-1522.5745
36.58958333333334,-122.09375,-1506.9838
36.58958333333334,-122.08958333333334,-1463.0834
36.58958333333334,-122.08541666666667,-1369.8468
36.58958333333334,-122.08125,-1271.2758
36.58958333333334,-122.07708333333333,-1133.8971
36.58958333333334,-122.07291666666667,-987.01794
36.58958333333334,-122.06875,-846.68317
36.58958333333334,-122.06458333333333,-730.516
36.58958333333334,-122.06041666666667,-679.53705
36.58958333333334,-122.05625,-775.3284
36.58958333333334,-122.05208333333333,-993.53516
36.58958333333334,-122.04791666666667,-1147.76
36.58958333333334,-122.04375,-1133.9678
36.58958333333334,-122.03958333333333,-938.18414
36.58958333333334,-122.03541666666666,-690.2572
36.58958333333334,-122.03125,-579.00323
36.58958333333334,-122.02708333333334,-530.07117
36.58958333333334,-122.02291666666667,-448.46207
36.58958333333334,-122.01875,-371.36478
36.58958333333334,-122.01458333333333,-299.45016
36.58958333333334,-122.01041666666667,-245.23581
36.58958333333334,-122.00625,-171.07283
36.58958333333334,-122.00208333333333,-123.5195
36.58958333333334,-121.99791666666667,-93.952896
36.58958333333334,-121.99375,-76.98177
36.58958333333334,-121.98958333333333,-63.34415
36.58958333333334,-121.98541666666667,-50.441265
36.58958333333334,-121.98125,-35.505714
36.58958333333334,-121.97708333333333,-23.469225
36.58958333333334,-121.97291666666666,-16.104282
36.58958333333334,-121.96875,-7.818287
36.58958333333334,-121.96458333333334,2.0841045
36.58958333333334,-121.96041666666667,14.0325775
36.58958333333334,-121.95625,20.81751
36.58958333333334,-121.95208333333333,35.283913
36.58958333333334,-121.94791666666667,60.007824
36.58958333333334,-121.94375,85.145775
36.58958333333334,-121.93958333333333,115.329025
36.58958333333334,-121.93541666666667,112.76285
36.58958333333334,-121.93125,128.33449
36.58958333333334,-121.92708333333333,151.14218
36.58958333333334,-121.92291666666667,200.91876
36.58958333333334,-121.91875,208.56609
36.58958333333334,-121.91458333333333,157.75151
36.58958333333334,-121.91041666666666,116.9872
36.58958333333334,-121.90625,81.15022
36.58958333333334,-121.90208333333334,57.9968
36.58958333333334,-121.89791666666667,45.819023
36.58958333333334,-121.89375,38.3784
36.58958333333334,-121.88958333333333,26.488266
36.58958333333334,-121.88541666666667,26.614845
36.58958333333334,-121.88125,20.970978
36.58958333333334,-121.87708333333333,25.321112
36.58958333333334,-121.87291666666667,31.283777
36.58958333333334,-121.86875,30.526623
36.58958333333334,-121.86458333333333,35.538357
36.58958333333334,-121.86041666666667,42.513954
36.58958333333334,-121.85625,47.9856
36.58958333333334,-121.85208333333333,50.17631
36.58958333333334,-121.84791666666666,52.405243
36.58958333333334,-121.84375,54.08391
36.58958333333334,-121.83958333333334,63.274532
36.58958333333334,-121.83541666666667,65.467155
36.58958333333334,-121.83125,40.2944
36.58958333333334,-121.82708333333333,55.25391
36.58958333333334,-121.82291666666667,58.019733
36.58958333333334,-121.81875,77.41147
36.58958333333334,-121.81458333333333,88.42498
36.58958333333334,-121.81041666666667,103.4188
36.58958333333334,-121.80625,119.51387
36.58958333333334,-121.80208333333333,126.55062
36.58958333333334,-121.79791666666667,147.50076
36.58958333333334,-121.79375,154.82822
36.58958333333334,-121.78958333333333,183.81364
36.58958333333334,-121.78541666666666,214.89778
36.58958333333334,-121.78125,218.5124
36.58958333333334,-121.77708333333334,237.50325
36.58958333333334,-121.77291666666667,267.9617
36.58958333333334,-121.76875,252.35663
36.58958333333334,-121.76458333333333,228.08804
36.58958333333334,-121.76041666666667,236.51338
36.58958333333334,-121.75625,235.69196
36.58958333333334,-121.75208333333333,244.92734
36.58958333333334,-121.74791666666667,247.76968
36.58958333333334,-121.74375,237.8572
36.58958333333334,-121.73958333333333,228.02214
36.58958333333334,-121.73541666666667,187.13867
36.58958333333334,-121.73125,165.09608
36.58958333333334,-121.72708333333333,157.97987
36.58958333333334,-121.72291666666666,141.66533
36.58958333333334,-121.71875,110.6232
36.58958333333334,-121.71458333333334,69.62653
36.58958333333334,-121.71041666666667,59.966934
36.58958333333334,-121.70625,83.777954
36.58958333333334,-121.70208333333333,112.82618
36.59375,-122.09791666666666,-1598.2404
36.59375,-122.09375,-1548.1044
36.59375,-122.08958333333334,-1473.4829
36.59375,-122.08541666666667,-1401.006
36.59375,-122.08125,-1294.7344
36.59375,-122.07708333333333,-1127.825
36.59375,-122.07291666666667,-969.906
36.59375,-122.06875,-850.43195
36.59375,-122.06458333333333,-771.8595
36.59375,-122.06041666666667,-751.1264
36.59375,-122.05625,-851.4994
36.59375,-122.05208333333333,-1033.4722
36.59375,-122.04791666666667,-1179.0864
36.59375,-122.04375,-1111.4431
36.59375,-122.03958333333333,-871.6922
36.59375,-122.03541666666666,-709.4947
36.59375,-122.03125,-615.63495
36.59375,-122.02708333333334,-517.58374
36.59375,-122.02291666666667,-436.28848
36.59375,-122.01875,-319.80267
36.59375,-122.01458333333333,-185.46652
36.59375,-122.01041666666667,-122.75081
36.59375,-122.00625,-94.96648
36.59375,-122.00208333333333,-86.35036
36.59375,-121.99791666666667,-76.8981
36.59375,-121.99375,-67.37359
36.59375,-121.98958333333333,-59.0767
36.59375,-121.98541666666667,-50.81179
36.59375,-121.98125,-39.632217
36.59375,-121.97708333333333,-31.2943
36.59375,-121.97291666666666,-24.998041
36.59375,-121.96875,-12.74934
36.59375,-121.96458333333334,-1.1563301
36.59375,-121.96041666666667,10.50839
36.59375,-121.95625,19.464933
36.59375,-121.95208333333333,32.45347
36.59375,-121.94791666666667,61.227066
36.59375,-121.94375,79.59049
36.59375,-121.93958333333333,70.33107
36.59375,-121.93541666666667,71.734665
36.59375,-121.93125,93.244446
36.59375,-121.92708333333333,126.88578
36.59375,-121.92291666666667,155.06885
36.59375,-121.91875,201.52058
36.59375,-121.91458333333333,165.54715
36.59375,-121.91041666666666,117.97338
36.59375,-121.90625,70.18645
36.59375,-121.90208333333334,46.320488
36.59375,-121.89791666666667,25.76249
36.59375,-121.89375,20.433022
36.59375,-121.88958333333333,12.274356
36.59375,-121.88541666666667,11.627778
36.59375,-121.88125,10.0144
36.59375,-121.87708333333333,17.179556
36.59375,-121.87291666666667,20.525557
36.59375,-121.86875,17.1232
36.59375,-121.86458333333333,23.547289
36.59375,-121.86041666666667,26.783333
36.59375,-121.85625,29.606356
36.59375,-121.85208333333333,34.19142
36.59375,-121.84791666666666,32.62813
36.59375,-121.84375,30.349245
36.59375,-121.83958333333334,38.216667
36.59375,-121.83541666666667,36.028843
36.59375,-121.83125,39.927113
36.59375,-121.82708333333333,56.128624
36.59375,-121.82291666666667,70.49844
36.59375,-121.81875,86.13276
36.59375,-121.81458333333333,95.978714
36.59375,-121.81041666666667,106.30462
36.59375,-121.80625,118.81489
36.59375,-121.80208333333333,125.09178
36.59375,-121.79791666666667,140.27693
36.59375,-121.79375,152.40982
36.59375,-121.78958333333333,159.2688
36.59375,-121.78541666666666,183.9345
36.59375,-121.78125,191.15524
36.59375,-121.77708333333334,208.99422
36.59375,-121.77291666666667,237.1036
36.59375,-121.76875,246.61253
36.59375,-121.76458333333333,236.34097
36.59375,-121.76041666666667,211.67964
36.59375,-121.75625,223.47627
36.59375,-121.75208333333333,251.87787
36.59375,-121.74791666666667,249.34093
36.59375,-121.74375,195.54591
36.59375,-121.73958333333333,225.21391
36.59375,-121.73541666666667,205.94702
36.59375,-121.73125,168.25969
36.59375,-121.72708333333333,137.34898
36.59375,-121.72291666666666,135.35835
36.59375,-121.71875,139.96217
36.59375,-121.71458333333334,98.4652
36.59375,-121.71041666666667,63.256668
36.59375,-121.70625,53.948757
36.59375,-121.70208333333333,67.14253
36.59791666666666,-122.09791666666666,-1514.4822
36.59791666666666,-122.09375,-1508.9413
36.59791666666666,-122.08958333333334,-1436.545
36.59791666666666,-122.08541666666667,-1362.1499
36.59791666666666,-122.08125,-1258.2268
36.59791666666666,-122.07708333333333,-1116.2128
36.59791666666666,-122.07291666666667,-988.32513
36.59791666666666,-122.06875,-904.4619
36.59791666666666,-122.06458333333333,-852.68933
36.59791666666666,-122.06041666666667,-927.3155
36.59791666666666,-122.05625,-1077.4132
36.59791666666666,-122.05208333333333,-1195.5024
36.59791666666666,-122.04791666666667,-1198.4282
36.59791666666666,-122.04375,-1031.1696
36.59791666666666,-122.03958333333333,-849.1324
36.59791666666666,-122.03541666666666,-667.33325
36.59791666666666,-122.03125,-529.8739
36.59791666666666,-122.02708333333334,-481.68784
36.59791666666666,-122.02291666666667,-419.90173
36.59791666666666,-122.01875,-308.81134
36.59791666666666,-122.01458333333333,-167.59227
36.59791666666666,-122.01041666666667,-107.32198
36.59791666666666,-122.00625,-91.0046
36.59791666666666,-122.00208333333333,-83.368385
36.59791666666666,-121.99791666666667,-73.57445
36.59791666666666,-121.99375,-66.07201
36.59791666666666,-121.98958333333333,-59.172073
36.59791666666666,-121.98541666666667,-50.32024
36.59791666666666,-121.98125,-40.46388
36.59791666666666,-121.97708333333333,-32.744926
36.59791666666666,-121.97291666666666,-26.343689
36.59791666666666,-121.96875,-15.48928
36.59791666666666,-121.96458333333334,-4.020106
36.59791666666666,-121.96041666666667,7.3509455
36.59791666666666,-121.95625,22.313644
36.59791666666666,-121.95208333333333,36.15511
36.59791666666666,-121.94791666666667,50.621822
36.59791666666666,-121.94375,51.425022
36.59791666666666,-121.93958333333333,46.523376
36.59791666666666,-121.93541666666667,61.405956
36.59791666666666,-121.93125,80.77053
36.59791666666666,-121.92708333333333,113.47974
36.59791666666666,-121.92291666666667,150.32724
36.59791666666666,-121.91875,205.43938
36.59791666666666,-121.91458333333333,170.07031
36.59791666666666,-121.91041666666666,121.30386
36.59791666666666,-121.90625,74.211426
36.59791666666666,-121.90208333333334,47.13969
36.59791666666666,-121.89791666666667,22.467823
36.59791666666666,-121.89375,9.215777
36.59791666666666,-121.88958333333333,4.698711
36.59791666666666,-121.88541666666667,4.1509333
36.59791666666666,-121.88125,5.5365334
36.59791666666666,-121.87708333333333,10.915556
36.59791666666666,-121.87291666666667,11.651466
36.59791666666666,-121.86875,6.8272443
36.59791666666666,-121.86458333333333,10.902311
36.59791666666666,-121.86041666666667,16.18409
36.59791666666666,-121.85625,18.247911
36.59791666666666,-121.85208333333333,17.323421
36.59791666666666,-121.84791666666666,22.269333
36.59791666666666,-121.84375,39.834667
36.59791666666666,-121.83958333333334,45.55969
36.59791666666666,-121.83541666666667,47.92809
36.59791666666666,-121.83125,58.807823
36.59791666666666,-121.82708333333333,71.330315
36.59791666666666,-121.82291666666667,80.97631
36.59791666666666,-121.81875,85.90098
36.59791666666666,-121.81458333333333,99.44258
36.59791666666666,-121.81041666666667,118.821686
36.59791666666666,-121.80625,126.998085
36.59791666666666,-121.80208333333333,143.23427
36.59791666666666,-121.79791666666667,154.94574
36.59791666666666,-121.79375,163.4905
36.59791666666666,-121.78958333333333,172.03311
36.59791666666666,-121.78541666666666,171.10733
36.59791666666666,-121.78125,184.65164
36.59791666666666,-121.77708333333334,185.8112
36.59791666666666,-121.77291666666667,200.86316
36.59791666666666,-121.76875,218.5033
36.59791666666666,-121.76458333333333,231.63191
36.59791666666666,-121.76041666666667,203.19937
36.59791666666666,-121.75625,237.73724
36.59791666666666,-121.75208333333333,249.84662
36.59791666666666,-121.74791666666667,211.48134
36.59791666666666,-121.74375,177.07066
36.59791666666666,-121.73958333333333,158.44688
36.59791666666666,-121.73541666666667,158.63245
36.59791666666666,-121.73125,195.70662
36.59791666666666,-121.72708333333333,177.25555
36.59791666666666,-121.72291666666666,179.60547
36.59791666666666,-121.71875,138.41293
36.59791666666666,-121.71458333333334,114.20676
36.59791666666666,-121.71041666666667,81.107956
36.59791666666666,-121.70625,52.353333
36.59791666666666,-121.70208333333333,48.287556
36.60208333333333,-122.09791666666666,-1446.8136
36.60208333333333,-122.09375,-1418.731
36.60208333333333,-122.08958333333334,-1374.7874
36.60208333333333,-122.08541666666667,-1296.4355
36.60208333333333,-122.08125,-1207.1035
36.60208333333333,-122.07708333333333,-1106.6063
36.60208333333333,-122.07291666666667,-1037.5485
36.60208333333333,-122.06875,-954.61646
36.60208333333333,-122.06458333333333,-952.1697
36.60208333333333,-122.06041666666667,-1121.1648
36.60208333333333,-122.05625,-1241.579
36.60208333333333,-122.05208333333333,-1249.0806
36.60208333333333,-122.04791666666667,-1123.7118
36.60208333333333,-122.04375,-964.7907
36.60208333333333,-122.03958333333333,-815.79614
36.60208333333333,-122.03541666666666,-624.5395
36.60208333333333,-122.03125,-560.391
36.60208333333333,-122.02708333333334,-513.23944
36.60208333333333,-122.02291666666667,-405.57794
36.60208333333333,-122.01875,-254.13936
36.60208333333333,-122.01458333333333,-134.8898
36.60208333333333,-122.01041666666667,-110.82079
36.60208333333333,-122.00625,-94.59077
36.60208333333333,-122.00208333333333,-77.8485
36.60208333333333,-121.99791666666667,-66.81584
36.60208333333333,-121.99375,-61.58736
36.60208333333333,-121.98958333333333,-56.25243
36.60208333333333,-121.98541666666667,-46.47359
36.60208333333333,-121.98125,-39.56433
36.60208333333333,-121.97708333333333,-35.135468
36.60208333333333,-121.97291666666666,-27.558884
36.60208333333333,-121.96875,-17.421932
36.60208333333333,-121.96458333333334,-5.9977355
36.60208333333333,-121.96041666666667,6.044368
36.60208333333333,-121.95625,18.752934
36.60208333333333,-121.95208333333333,27.4348
36.60208333333333,-121.94791666666667,35.614933
36.60208333333333,-121.94375,29.7896
36.60208333333333,-121.93958333333333,48.2336
36.60208333333333,-121.93541666666667,64.83173
36.60208333333333,-121.93125,90.60525
36.60208333333333,-121.92708333333333,120.67
36.60208333333333,-121.92291666666667,131.74422
36.60208333333333,-121.91875,155.70894
36.60208333333333,-121.91458333333333,146.52444
36.60208333333333,-121.91041666666666,111.36609
36.60208333333333,-121.90625,83.443954
36.60208333333333,-121.90208333333334,52.212845
36.60208333333333,-121.89791666666667,28.399422
36.60208333333333,-121.89375,7.8524284
36.60208333333333,-121.88958333333333,-1.1987071
36.60208333333333,-121.88541666666667,-3.8189805
36.60208333333333,-121.88125,-2.7347727
36.60208333333333,-121.87708333333333,10.108981
36.60208333333333,-121.87291666666667,9.612889
36.60208333333333,-121.86875,11.6791115
36.60208333333333,-121.86458333333333,9.942711
36.60208333333333,-121.86041666666667,11.020577
36.60208333333333,-121.85625,7.4284444
36.60208333333333,-121.85208333333333,10.299155
36.60208333333333,-121.84791666666666,18.058622
36.60208333333333,-121.84375,23.3436
36.60208333333333,-121.83958333333334,37.361824
36.60208333333333,-121.83541666666667,50.737465
36.60208333333333,-121.83125,63.26551
36.60208333333333,-121.82708333333333,74.17355
36.60208333333333,-121.82291666666667,85.06174
36.60208333333333,-121.81875,93.44582
36.60208333333333,-121.81458333333333,109.04911
36.60208333333333,-121.81041666666667,120.870224
36.60208333333333,-121.80625,131.98294
36.60208333333333,-121.80208333333333,140.89871
36.60208333333333,-121.79791666666667,147.2968
36.60208333333333,-121.79375,162.67592
36.60208333333333,-121.78958333333333,168.90903
36.60208333333333,-121.78541666666666,152.35005
36.60208333333333,-121.78125,163.96045
36.60208333333333,-121.77708333333334,169.94609
36.60208333333333,-121.77291666666667,170.4768
36.60208333333333,-121.76875,191.41084
36.60208333333333,-121.76458333333333,196.0344
36.60208333333333,-121.76041666666667,200.73671
36.60208333333333,-121.75625,223.73813
36.60208333333333,-121.75208333333333,226.63577
36.60208333333333,-121.74791666666667,197.13098
36.60208333333333,-121.74375,168.43814
36.60208333333333,-121.73958333333333,173.08795
36.60208333333333,-121.73541666666667,137.22925
36.60208333333333,-121.73125,181.84885
36.60208333333333,-121.72708333333333,196.3113
36.60208333333333,-121.72291666666666,159.52565
36.60208333333333,-121.71875,132.06049
36.60208333333333,-121.71458333333334,100.52049
36.60208333333333,-121.71041666666667,87.380264
36.60208333333333,-121.70625,58.053467
36.60208333333333,-121.70208333333333,48.341377
36.60625,-122.09791666666666,-1495.3279
36.60625,-122.09375,-1424.2979
36.60625,-122.08958333333334,-1336.9318
36.60625,-122.08541666666667,-1260.992
36.60625,-122.08125,-1177.8931
36.60625,-122.07708333333333,-1106.0444
36.60625,-122.07291666666667,-1032.5626
36.60625,-122.06875,-951.08374
36.60625,-122.06458333333333,-1019.6115
36.60625,-122.06041666666667,-1213.2996
36.60625,-122.05625,-1289.2045
36.60625,-122.05208333333333,-1219.8982
36.60625,-122.04791666666667,-1056.532
36.60625,-122.04375,-942.3343
36.60625,-122.03958333333333,-808.91705
36.60625,-122.03541666666666,-737.85406
36.60625,-122.03125,-703.0867
36.60625,-122.02708333333334,-618.1932
36.60625,-122.02291666666667,-490.93127
36.60625,-122.01875,-320.70807
36.60625,-122.01458333333333,-197.99075
36.60625,-122.01041666666667,-121.257225
36.60625,-122.00625,-92.97815
36.60625,-122.00208333333333,-77.28479
36.60625,-121.99791666666667,-67.85274
36.60625,-121.99375,-59.290783
36.60625,-121.98958333333333,-52.154934
36.60625,-121.98541666666667,-44.78787
36.60625,-121.98125,-40.676167
36.60625,-121.97708333333333,-37.235355
36.60625,-121.97291666666666,-31.948067
36.60625,-121.96875,-22.395542
36.60625,-121.96458333333334,-9.595251
36.60625,-121.96041666666667,-1.4066954
36.60625,-121.95625,9.328222
36.60625,-121.95208333333333,12.794666
36.60625,-121.94791666666667,12.225378
36.60625,-121.94375,22.365423
36.60625,-121.93958333333333,37.189068
36.60625,-121.93541666666667,52.44507
36.60625,-121.93125,72.368935
36.60625,-121.92708333333333,88.86569
36.60625,-121.92291666666667,112.08258
36.60625,-121.91875,129.66533
36.60625,-121.91458333333333,133.77396
36.60625,-121.91041666666666,113.43502
36.60625,-121.90625,84.77556
36.60625,-121.90208333333334,53.410046
36.60625,-121.89791666666667,30.256756
36.60625,-121.89375,1.3776401
36.60625,-121.88958333333333,-2.2057416
36.60625,-121.88541666666667,-6.051112
36.60625,-121.88125,-10.954244
36.60625,-121.87708333333333,-9.115165
36.60625,-121.87291666666667,-5.0336113
36.60625,-121.86875,-0.40528384
36.60625,-121.86458333333333,14.703708
36.60625,-121.86041666666667,9.985689
36.60625,-121.85625,4.8042665
36.60625,-121.85208333333333,9.864133
36.60625,-121.84791666666666,13.217911
36.60625,-121.84375,20.114
36.60625,-121.83958333333334,31.149023
36.60625,-121.83541666666667,42.699024
36.60625,-121.83125,60.638935
36.60625,-121.82708333333333,78.94582
36.60625,-121.82291666666667,96.429245
36.60625,-121.81875,108.856445
36.60625,-121.81458333333333,122.71453
36.60625,-121.81041666666667,131.51306
36.60625,-121.80625,133.71115
36.60625,-121.80208333333333,148.43907
36.60625,-121.79791666666667,152.52368
36.60625,-121.79375,164.44783
36.60625,-121.78958333333333,167.67667
36.60625,-121.78541666666666,160.79968
36.60625,-121.78125,149.37494
36.60625,-121.77708333333334,160.01813
36.60625,-121.77291666666667,165.15285
36.60625,-121.76875,175.2004
36.60625,-121.76458333333333,179.39818
36.60625,-121.76041666666667,184.82018
36.60625,-121.75625,211.18933
36.60625,-121.75208333333333,190.92915
36.60625,-121.74791666666667,176.48956
36.60625,-121.74375,143.00453
36.60625,-121.73958333333333,175.84653
36.60625,-121.73541666666667,126.45325
36.60625,-121.73125,150.18658
36.60625,-121.72708333333333,175.0904
36.60625,-121.72291666666666,131.25307
36.60625,-121.71875,103.509735
36.60625,-121.71458333333334,100.52915
36.60625,-121.71041666666667,104.868576
36.60625,-121.70625,103.47467
36.60625,-121.70208333333333,76.81569
36.610416666666666,-122.09791666666666,-1472.7076
36.610416666666666,-122.09375,-1417.4435
36.610416666666666,-122.08958333333334,-1332.3114
36.610416666666666,-122.08541666666667,-1224.737
36.610416666666666,-122.08125,-1103.3368
36.610416666666666,-122.07708333333333,-1033.5846
36.610416666666666,-122.07291666666667,-966.7648
36.610416666666666,-122.06875,-903.29456
36.610416666666666,-122.06458333333333,-996.2592
36.610416666666666,-122.06041666666667,-1238.7354
36.610416666666666,-122.05625,-1299.0818
36.610416666666666,-122.05208333333333,-1198.7701
36.610416666666666,-122.04791666666667,-1096.1788
36.610416666666666,-122.04375,-1023.72095
36.610416666666666,-122.03958333333333,-924.6839
36.610416666666666,-122.03541666666666,-823.4059
36.610416666666666,-122.03125,-710.3215
36.610416666666666,-122.02708333333334,-596.0464
36.610416666666666,-122.02291666666667,-462.20987
36.610416666666666,-122.01875,-339.79465
36.610416666666666,-122.01458333333333,-204.82826
36.610416666666666,-122.01041666666667,-122.778984
36.610416666666666,-122.00625,-94.645905
36.610416666666666,-122.00208333333333,-74.089874
36.610416666666666,-121.99791666666667,-65.00342
36.610416666666666,-121.99375,-60.772247
36.610416666666666,-121.98958333333333,-58.616047
36.610416666666666,-121.98541666666667,-51.923153
36.610416666666666,-121.98125,-43.276443
36.610416666666666,-121.97708333333333,-41.7427
36.610416666666666,-121.97291666666666,-37.714497
36.610416666666666,-121.96875,-27.489958
36.610416666666666,-121.96458333333334,-14.138383
36.610416666666666,-121.96041666666667,-5.8160553
36.610416666666666,-121.95625,4.878095
36.610416666666666,-121.95208333333333,-2.8049126
36.610416666666666,-121.94791666666667,3.1052778
36.610416666666666,-121.94375,14.531867
36.610416666666666,-121.93958333333333,26.18249
36.610416666666666,-121.93541666666667,35.634712
36.610416666666666,-121.93125,51.258087
36.610416666666666,-121.92708333333333,70.35431
36.610416666666666,-121.92291666666667,85.45116
36.610416666666666,-121.91875,93.351555
36.610416666666666,-121.91458333333333,93.10911
36.610416666666666,-121.91041666666666,85.00409
36.610416666666666,-121.90625,68.6632
36.610416666666666,-121.90208333333334,42.337734
36.610416666666666,-121.89791666666667,17.680664
36.610416666666666,-121.89375,-1.2202849
36.610416666666666,-121.88958333333333,-11.202637
36.610416666666666,-121.88541666666667,-16.530565
36.610416666666666,-121.88125,-19.008026
36.610416666666666,-121.87708333333333,-18.421076
36.610416666666666,-121.87291666666667,-15.741232
36.610416666666666,-121.86875,-10.921273
36.610416666666666,-121.86458333333333,-3.933456
36.610416666666666,-121.86041666666667,8.593963
36.610416666666666,-121.85625,8.195135
36.610416666666666,-121.85208333333333,8.429334
36.610416666666666,-121.84791666666666,8.283334
36.610416666666666,-121.84375,11.048044
36.610416666666666,-121.83958333333334,18.878088
36.610416666666666,-121.83541666666667,31.637022
36.610416666666666,-121.83125,47.544712
36.610416666666666,-121.82708333333333,66.82698
36.610416666666666,-121.82291666666667,84.312935
36.610416666666666,-121.81875,104.66702
36.610416666666666,-121.81458333333333,121.257286
36.610416666666666,-121.81041666666667,133.79694
36.610416666666666,-121.80625,149.19725
36.610416666666666,-121.80208333333333,158.50867
36.610416666666666,-121.79791666666667,161.57578
36.610416666666666,-121.79375,168.28395
36.610416666666666,-121.78958333333333,161.40178
36.610416666666666,-121.78541666666666,149.43596
36.610416666666666,-121.78125,157.6848
36.610416666666666,-121.77708333333334,158.21262
36.610416666666666,-121.77291666666667,147.46965
36.610416666666666,-121.76875,169.52777
36.610416666666666,-121.76458333333333,184.54752
36.610416666666666,-121.76041666666667,164.59004
36.610416666666666,-121.75625,191.16165
36.610416666666666,-121.75208333333333,168.20316
36.610416666666666,-121.74791666666667,142.3948
36.610416666666666,-121.74375,128.6968
36.610416666666666,-121.73958333333333,153.36911
36.610416666666666,-121.73541666666667,123.64555
36.610416666666666,-121.73125,109.2684
36.610416666666666,-121.72708333333333,126.433556
36.610416666666666,-121.72291666666666,130.34383
36.610416666666666,-121.71875,134.80005
36.610416666666666,-121.71458333333334,135.94574
36.610416666666666,-121.71041666666667,135.11525
36.610416666666666,-121.70625,120.27658
36.610416666666666,-121.70208333333333,84.55111
36.614583333333336,-122.09791666666666,-1471.1637
36.614583333333336,-122.09375,-1418.7748
36.614583333333336,-122.08958333333334,-1317.3342
36.614583333333336,-122.08541666666667,-1186.7455
36.614583333333336,-122.08125,-1081.3822
36.614583333333336,-122.07708333333333,-984.9283
36.614583333333336,-122.07291666666667,-920.8818
36.614583333333336,-122.06875,-901.67413
36.614583333333336,-122.06458333333333,-1026.3538
36.614583333333336,-122.06041666666667,-1270.8413
36.614583333333336,-122.05625,-1315.6179
36.614583333333336,-122.05208333333333,-1223.635
36.614583333333336,-122.04791666666667,-1159.0149
36.614583333333336,-122.04375,-1080.0709
36.614583333333336,-122.03958333333333,-928.29114
36.614583333333336,-122.03541666666666,-765.7566
36.614583333333336,-122.03125,-638.2475
36.614583333333336,-122.02708333333334,-477.6882
36.614583333333336,-122.02291666666667,-328.06912
36.614583333333336,-122.01875,-208.6316
36.614583333333336,-122.01458333333333,-136.6139
36.614583333333336,-122.01041666666667,-112.917274
36.614583333333336,-122.00625,-99.29894
36.614583333333336,-122.00208333333333,-81.01267
36.614583333333336,-121.99791666666667,-71.75577
36.614583333333336,-121.99375,-67.99807
36.614583333333336,-121.98958333333333,-65.021545
36.614583333333336,-121.98541666666667,-56.234844
36.614583333333336,-121.98125,-48.194126
36.614583333333336,-121.97708333333333,-46.507034
36.614583333333336,-121.97291666666666,-43.431393
36.614583333333336,-121.96875,-34.205086
36.614583333333336,-121.96458333333334,-21.902512
36.614583333333336,-121.96041666666667,-12.725113
36.614583333333336,-121.95625,-8.569153
36.614583333333336,-121.95208333333333,-6.0012484
36.614583333333336,-121.94791666666667,-0.91114396
36.614583333333336,-121.94375,8.7340355
36.614583333333336,-121.93958333333333,15.869689
36.614583333333336,-121.93541666666667,25.879377
36.614583333333336,-121.93125,43.798576
36.614583333333336,-121.92708333333333,61.605377
36.614583333333336,-121.92291666666667,63.219822
36.614583333333336,-121.91875,61.347332
36.614583333333336,-121.91458333333333,60.94849
36.614583333333336,-121.91041666666666,59.35978
36.614583333333336,-121.90625,40.8456
36.614583333333336,-121.90208333333334,21.0176
36.614583333333336,-121.89791666666667,0.5326872
36.614583333333336,-121.89375,-12.509086
36.614583333333336,-121.88958333333333,-24.853064
36.614583333333336,-121.88541666666667,-25.55031
36.614583333333336,-121.88125,-25.336926
36.614583333333336,-121.87708333333333,-24.833994
36.614583333333336,-121.87291666666667,-22.3167
36.614583333333336,-121.86875,-19.704687
36.614583333333336,-121.86458333333333,-14.35068
36.614583333333336,-121.86041666666667,-6.1786723
36.614583333333336,-121.85625,0.10369706
36.614583333333336,-121.85208333333333,11.170321
36.614583333333336,-121.84791666666666,14.119734
36.614583333333336,-121.84375,11.075245
36.614583333333336,-121.83958333333334,15.397911
36.614583333333336,-121.83541666666667,28.027956
36.614583333333336,-121.83125,43.346268
36.614583333333336,-121.82708333333333,66.72929
36.614583333333336,-121.82291666666667,83.16649
36.614583333333336,-121.81875,97.05391
36.614583333333336,-121.81458333333333,115.3584
36.614583333333336,-121.81041666666667,132.76094
36.614583333333336,-121.80625,145.84457
36.614583333333336,-121.80208333333333,153.73813
36.614583333333336,-121.79791666666667,158.4941
36.614583333333336,-121.79375,159.31084
36.614583333333336,-121.78958333333333,139.2184
36.614583333333336,-121.78541666666666,137.8709
36.614583333333336,-121.78125,141.31808
36.614583333333336,-121.77708333333334,149.36374
36.614583333333336,-121.77291666666667,147.31374
36.614583333333336,-121.76875,154.03604
36.614583333333336,-121.76458333333333,147.81467
36.614583333333336,-121.76041666666667,147.76617
36.614583333333336,-121.75625,129.546
36.614583333333336,-121.75208333333333,133.54675
36.614583333333336,-121.74791666666667,164.87195
36.614583333333336,-121.74375,106.081024
36.614583333333336,-121.73958333333333,162.05884
36.614583333333336,-121.73541666666667,148.6123
36.614583333333336,-121.73125,123.544846
36.614583333333336,-121.72708333333333,88.16529
36.614583333333336,-121.72291666666666,85.64609
36.614583333333336,-121.71875,115.36036
36.614583333333336,-121.71458333333334,145.16463
36.614583333333336,-121.71041666666667,127.344086
36.614583333333336,-121.70625,88.55636
36.614583333333336,-121.70208333333333,72.4276
36.61875,-122.09791666666666,-1520.4136
36.61875,-122.09375,-1480.5547
36.61875,-122.08958333333334,-1377.2266
36.61875,-122.08541666666667,-1281.2189
36.61875,-122.08125,-1157.9294
36.61875,-122.07708333333333,-1018.221
36.61875,-122.07291666666667,-1025.4364
36.61875,-122.06875,-1059.6936
36.61875,-122.06458333333333,-1175.6581
36.61875,-122.06041666666667,-1338.1252
36.61875,-122.05625,-1323.383
36.61875,-122.05208333333333,-1249.6982
36.61875,-122.04791666666667,-1177.1364
36.61875,-122.04375,-1075.3954
36.61875,-122.03958333333333,-919.3696
36.61875,-122.03541666666666,-780.27856
36.61875,-122.03125,-668.2923
36.61875,-122.02708333333334,-511.80045
36.61875,-122.02291666666667,-349.83954
36.61875,-122.01875,-209.24074
36.61875,-122.01458333333333,-130.56902
36.61875,-122.01041666666667,-111.503586
36.61875,-122.00625,-101.0791
36.61875,-122.00208333333333,-92.21105
36.61875,-121.99791666666667,-83.33941
36.61875,-121.99375,-74.33905
36.61875,-121.98958333333333,-65.537704
36.61875,-121.98541666666667,-55.643486
36.61875,-121.98125,-49.636093
36.61875,-121.97708333333333,-48.346622
36.61875,-121.97291666666666,-47.130466
36.61875,-121.96875,-40.00548
36.61875,-121.96458333333334,-27.51227
36.61875,-121.96041666666667,-21.689005
36.61875,-121.95625,-18.991606
36.61875,-121.95208333333333,-11.744948
36.61875,-121.94791666666667,-4.9946785
36.61875,-121.94375,-0.4870384
36.61875,-121.93958333333333,10.631336
36.61875,-121.93541666666667,25.339466
36.61875,-121.93125,39.6828
36.61875,-121.92708333333333,52.86591
36.61875,-121.92291666666667,49.214535
36.61875,-121.91875,43.802223
36.61875,-121.91458333333333,36.848045
36.61875,-121.91041666666666,32.190132
36.61875,-121.90625,18.95391
36.61875,-121.90208333333334,9.897686
36.61875,-121.89791666666667,-8.641102
36.61875,-121.89375,-24.811401
36.61875,-121.88958333333333,-34.1005
36.61875,-121.88541666666667,-34.188633
36.61875,-121.88125,-34.226357
36.61875,-121.87708333333333,-33.39605
36.61875,-121.87291666666667,-30.548483
36.61875,-121.86875,-24.61399
36.61875,-121.86458333333333,-19.57195
36.61875,-121.86041666666667,-16.058239
36.61875,-121.85625,-7.6751842
36.61875,-121.85208333333333,1.3484256
36.61875,-121.84791666666666,14.98379
36.61875,-121.84375,12.1108
36.61875,-121.83958333333334,20.6628
36.61875,-121.83541666666667,34.66733
36.61875,-121.83125,46.222534
36.61875,-121.82708333333333,63.21302
36.61875,-121.82291666666667,78.535866
36.61875,-121.81875,95.99671
36.61875,-121.81458333333333,117.022446
36.61875,-121.81041666666667,137.29396
36.61875,-121.80625,156.6684
36.61875,-121.80208333333333,158.96373
36.61875,-121.79791666666667,146.59947
36.61875,-121.79375,151.91693
36.61875,-121.78958333333333,151.2965
36.61875,-121.78541666666666,133.28778
36.61875,-121.78125,138.4648
36.61875,-121.77708333333334,137.46768
36.61875,-121.77291666666667,126.877686
36.61875,-121.76875,137.72018
36.61875,-121.76458333333333,149.26183
36.61875,-121.76041666666667,141.55907
36.61875,-121.75625,127.79569
36.61875,-121.75208333333333,100.311646
36.61875,-121.74791666666667,120.19951
36.61875,-121.74375,96.069466
36.61875,-121.73958333333333,143.20053
36.61875,-121.73541666666667,112.075066
36.61875,-121.73125,124.61395
36.61875,-121.72708333333333,120.31116
36.61875,-121.72291666666666,77.49934
36.61875,-121.71875,83.08493
36.61875,-121.71458333333334,128.22658
36.61875,-121.71041666666667,119.35116
36.61875,-121.70625,103.79578
36.61875,-121.70208333333333,102.89049
36.62291666666667,-122.09791666666666,-1554.9165
36.62291666666667,-122.09375,-1507.2451
36.62291666666667,-122.08958333333334,-1397.9902
36.62291666666667,-122.08541666666667,-1282.2714
36.62291666666667,-122.08125,-1122.7201
36.62291666666667,-122.07708333333333,-1033.4823
36.62291666666667,-122.07291666666667,-1145.7462
36.62291666666667,-122.06875,-1285.4852
36.62291666666667,-122.06458333333333,-1379.0706
36.62291666666667,-122.06041666666667,-1378.6752
36.62291666666667,-122.05625,-1318.271
36.62291666666667,-122.05208333333333,-1245.7119
36.62291666666667,-122.04791666666667,-1166.382
36.62291666666667,-122.04375,-1042.4459
36.62291666666667,-122.03958333333333,-863.1688
36.62291666666667,-122.03541666666666,-737.8878
36.62291666666667,-122.03125,-654.8542
36.62291666666667,-122.02708333333334,-523.6772
36.62291666666667,-122.02291666666667,-329.3579
36.62291666666667,-122.01875,-189.69814
36.62291666666667,-122.01458333333333,-131.35336
36.62291666666667,-122.01041666666667,-112.0771
36.62291666666667,-122.00625,-101.853325
36.62291666666667,-122.00208333333333,-94.94302
36.62291666666667,-121.99791666666667,-87.64966
36.62291666666667,-121.99375,-76.076355
36.62291666666667,-121.98958333333333,-65.67343
36.62291666666667,-121.98541666666667,-58.64242
36.62291666666667,-121.98125,-53.784893
36.62291666666667,-121.97708333333333,-50.414524
36.62291666666667,-121.97291666666666,-48.473007
36.62291666666667,-121.96875,-45.30795
36.62291666666667,-121.96458333333334,-36.9377
36.62291666666667,-121.96041666666667,-32.971886
36.62291666666667,-121.95625,-26.416985
36.62291666666667,-121.95208333333333,-17.389034
36.62291666666667,-121.94791666666667,-11.826604
36.62291666666667,-121.94375,-3.2665958
36.62291666666667,-121.93958333333333,10.642323
36.62291666666667,-121.93541666666667,22.652712
36.62291666666667,-121.93125,35.882446
36.62291666666667,-121.92708333333333,50.103333
36.62291666666667,-121.92291666666667,35.357246
36.62291666666667,-121.91875,24.203644
36.62291666666667,-121.91458333333333,16.842516
36.62291666666667,-121.91041666666666,-2.756247
36.62291666666667,-121.90625,-3.0908217
36.62291666666667,-121.90208333333334,-10.149688
36.62291666666667,-121.89791666666667,-24.193937
36.62291666666667,-121.89375,-37.458252
36.62291666666667,-121.88958333333333,-41.346592
36.62291666666667,-121.88541666666667,-42.376316
36.62291666666667,-121.88125,-42.136616
36.62291666666667,-121.87708333333333,-39.497158
36.62291666666667,-121.87291666666667,-36.900208
36.62291666666667,-121.86875,-32.607338
36.62291666666667,-121.86458333333333,-24.836206
36.62291666666667,-121.86041666666667,-20.376793
36.62291666666667,-121.85625,-16.638624
36.62291666666667,-121.85208333333333,-7.9058022
36.62291666666667,-121.84791666666666,3.4605908
36.62291666666667,-121.84375,23.832342
36.62291666666667,-121.83958333333334,29.913956
36.62291666666667,-121.83541666666667,33.75129
36.62291666666667,-121.83125,37.85289
36.62291666666667,-121.82708333333333,49.429466
36.62291666666667,-121.82291666666667,71.82307
36.62291666666667,-121.81875,92.868355
36.62291666666667,-121.81458333333333,115.14796
36.62291666666667,-121.81041666666667,132.54996
36.62291666666667,-121.80625,146.44284
36.62291666666667,-121.80208333333333,141.90085
36.62291666666667,-121.79791666666667,141.85258
36.62291666666667,-121.79375,136.65187
36.62291666666667,-121.78958333333333,135.07236
36.62291666666667,-121.78541666666666,135.32303
36.62291666666667,-121.78125,138.13689
36.62291666666667,-121.77708333333334,141.67049
36.62291666666667,-121.77291666666667,137.35716
36.62291666666667,-121.76875,133.02782
36.62291666666667,-121.76458333333333,142.64383
36.62291666666667,-121.76041666666667,151.66711
36.62291666666667,-121.75625,139.1488
36.62291666666667,-121.75208333333333,107.4828
36.62291666666667,-121.74791666666667,86.61013
36.62291666666667,-121.74375,75.88969
36.62291666666667,-121.73958333333333,81.37502
36.62291666666667,-121.73541666666667,87.517914
36.62291666666667,-121.73125,90.14831
36.62291666666667,-121.72708333333333,131.42867
36.62291666666667,-121.72291666666666,124.82467
36.62291666666667,-121.71875,82.78604
36.62291666666667,-121.71458333333334,64.11573
36.62291666666667,-121.71041666666667,104.33902
36.62291666666667,-121.70625,104.23213
36.62291666666667,-121.70208333333333,90.086174
36.62708333333333,-122.09791666666666,-1549.0836
36.62708333333333,-122.09375,-1441.3014
36.62708333333333,-122.08958333333334,-1311.6034
36.62708333333333,-122.08541666666667,-1194.5897
36.62708333333333,-122.08125,-1055.3962
36.62708333333333,-122.07708333333333,-1073.038
36.62708333333333,-122.07291666666667,-1244.364
36.62708333333333,-122.06875,-1413.8397
36.62708333333333,-122.06458333333333,-1422.7771
36.62708333333333,-122.06041666666667,-1317.3221
36.62708333333333,-122.05625,-1236.4169
36.62708333333333,-122.05208333333333,-1201.0013
36.62708333333333,-122.04791666666667,-1144.2592
36.62708333333333,-122.04375,-1030.2649
36.62708333333333,-122.03958333333333,-845.86163
36.62708333333333,-122.03541666666666,-637.1615
36.62708333333333,-122.03125,-486.19736
36.62708333333333,-122.02708333333334,-411.49637
36.62708333333333,-122.02291666666667,-312.90417
36.62708333333333,-122.01875,-198.722
36.62708333333333,-122.01458333333333,-135.22583
36.62708333333333,-122.01041666666667,-115.17278
36.62708333333333,-122.00625,-104.553734
36.62708333333333,-122.00208333333333,-97.91996
36.62708333333333,-121.99791666666667,-93.29868
36.62708333333333,-121.99375,-85.78533
36.62708333333333,-121.98958333333333,-75.25381
36.62708333333333,-121.98541666666667,-66.541084
36.62708333333333,-121.98125,-59.190365
36.62708333333333,-121.97708333333333,-52.804848
36.62708333333333,-121.97291666666666,-50.752476
36.62708333333333,-121.96875,-48.47693
36.62708333333333,-121.96458333333334,-45.6323
36.62708333333333,-121.96041666666667,-41.00984
36.62708333333333,-121.95625,-32.50594
36.62708333333333,-121.95208333333333,-25.107658
36.62708333333333,-121.94791666666667,-18.514832
36.62708333333333,-121.94375,-9.739773
36.62708333333333,-121.93958333333333,4.3824
36.62708333333333,-121.93541666666667,18.600533
36.62708333333333,-121.93125,37.6732
36.62708333333333,-121.92708333333333,39.28507
36.62708333333333,-121.92291666666667,20.281864
36.62708333333333,-121.91875,11.636048
36.62708333333333,-121.91458333333333,-2.3611007
36.62708333333333,-121.91041666666666,-12.093835
36.62708333333333,-121.90625,-18.565699
36.62708333333333,-121.90208333333334,-31.095436
36.62708333333333,-121.89791666666667,-43.250866
36.62708333333333,-121.89375,-47.864452
36.62708333333333,-121.88958333333333,-47.787277
36.62708333333333,-121.88541666666667,-48.220463
36.62708333333333,-121.88125,-47.396824
36.62708333333333,-121.87708333333333,-45.512043
36.62708333333333,-121.87291666666667,-42.15246
36.62708333333333,-121.86875,-39.54818
36.62708333333333,-121.86458333333333,-34.185345
36.62708333333333,-121.86041666666667,-24.880644
36.62708333333333,-121.85625,-20.528585
36.62708333333333,-121.85208333333333,-16.7672
36.62708333333333,-121.84791666666666,-6.7070794
36.62708333333333,-121.84375,6.2580137
36.62708333333333,-121.83958333333334,20.971245
36.62708333333333,-121.83541666666667,25.614845
36.62708333333333,-121.83125,36.536976
36.62708333333333,-121.82708333333333,53.089733
36.62708333333333,-121.82291666666667,69.76258
36.62708333333333,-121.81875,88.6156
36.62708333333333,-121.81458333333333,105.1908
36.62708333333333,-121.81041666666667,120.095955
36.62708333333333,-121.80625,130.7136
36.62708333333333,-121.80208333333333,132.1592
36.62708333333333,-121.79791666666667,134.9141
36.62708333333333,-121.79375,123.27311
36.62708333333333,-121.78958333333333,133.91916
36.62708333333333,-121.78541666666666,137.79929
36.62708333333333,-121.78125,129.38133
36.62708333333333,-121.77708333333334,130.01671
36.62708333333333,-121.77291666666667,138.45546
36.62708333333333,-121.76875,141.59497
36.62708333333333,-121.76458333333333,142.38689
36.62708333333333,-121.76041666666667,163.90347
36.62708333333333,-121.75625,170.78276
36.62708333333333,-121.75208333333333,141.70564
36.62708333333333,-121.74791666666667,123.63231
36.62708333333333,-121.74375,106.47085
36.62708333333333,-121.73958333333333,84.09293
36.62708333333333,-121.73541666666667,70.49338
36.62708333333333,-121.73125,60.945156
36.62708333333333,-121.72708333333333,72.82591
36.62708333333333,-121.72291666666666,89.756
36.62708333333333,-121.71875,112.35298
36.62708333333333,-121.71458333333334,63.492977
36.62708333333333,-121.71041666666667,68.40022
36.62708333333333,-121.70625,76.07613
36.62708333333333,-121.70208333333333,68.82116
36.63125,-122.09791666666666,-1547.2538
36.63125,-122.09375,-1411.7506
36.63125,-122.08958333333334,-1264.41
36.63125,-122.08541666666667,-1136.037
36.63125,-122.08125,-1110.3999
36.63125,-122.07708333333333,-1216.5398
36.63125,-122.07291666666667,-1396.3805
36.63125,-122.06875,-1469.9927
36.63125,-122.06458333333333,-1371.0526
36.63125,-122.06041666666667,-1193.2183
36.63125,-122.05625,-1081.9246
36.63125,-122.05208333333333,-1026.0673
36.63125,-122.04791666666667,-971.88055
36.63125,-122.04375,-853.3686
36.63125,-122.03958333333333,-683.99304
36.63125,-122.03541666666666,-551.58936
36.63125,-122.03125,-396.9426
36.63125,-122.02708333333334,-308.90033
36.63125,-122.02291666666667,-236.09077
36.63125,-122.01875,-162.25414
36.63125,-122.01458333333333,-130.9437
36.63125,-122.01041666666667,-116.89324
36.63125,-122.00625,-107.27553
36.63125,-122.00208333333333,-100.47203
36.63125,-121.99791666666667,-96.08108
36.63125,-121.99375,-92.273
36.63125,-121.98958333333333,-85.632095
36.63125,-121.98541666666667,-75.5754
36.63125,-121.98125,-65.49604
36.63125,-121.97708333333333,-57.938053
36.63125,-121.97291666666666,-52.53105
36.63125,-121.96875,-47.82224
36.63125,-121.96458333333334,-45.765766
36.63125,-121.96041666666667,-44.53547
36.63125,-121.95625,-38.362267
36.63125,-121.95208333333333,-31.561348
36.63125,-121.94791666666667,-22.906757
36.63125,-121.94375,-12.338027
36.63125,-121.93958333333333,-2.5108762
36.63125,-121.93541666666667,13.614445
36.63125,-121.93125,25.336088
36.63125,-121.92708333333333,21.278978
36.63125,-121.92291666666667,13.530671
36.63125,-121.91875,-4.1077495
36.63125,-121.91458333333333,-16.379213
36.63125,-121.91041666666666,-24.50714
36.63125,-121.90625,-35.393265
36.63125,-121.90208333333334,-51.46885
36.63125,-121.89791666666667,-56.865974
36.63125,-121.89375,-55.692474
36.63125,-121.88958333333333,-54.230247
36.63125,-121.88541666666667,-54.68149
36.63125,-121.88125,-54.019108
36.63125,-121.87708333333333,-50.186165
36.63125,-121.87291666666667,-46.974518
36.63125,-121.86875,-44.270058
36.63125,-121.86458333333333,-40.746696
36.63125,-121.86041666666667,-32.52426
36.63125,-121.85625,-25.172138
36.63125,-121.85208333333333,-20.852083
36.63125,-121.84791666666666,-15.901076
36.63125,-121.84375,-4.334305
36.63125,-121.83958333333334,23.476643
36.63125,-121.83541666666667,31.247156
36.63125,-121.83125,35.16969
36.63125,-121.82708333333333,47.754665
36.63125,-121.82291666666667,64.39102
36.63125,-121.81875,82.92391
36.63125,-121.81458333333333,97.406
36.63125,-121.81041666666667,107.386
36.63125,-121.80625,118.2228
36.63125,-121.80208333333333,131.3415
36.63125,-121.79791666666667,133.90018
36.63125,-121.79375,114.98756
36.63125,-121.78958333333333,111.07271
36.63125,-121.78541666666666,109.51573
36.63125,-121.78125,102.343735
36.63125,-121.77708333333334,110.85409
36.63125,-121.77291666666667,120.756935
36.63125,-121.76875,134.336
36.63125,-121.76458333333333,140.21426
36.63125,-121.76041666666667,150.70413
36.63125,-121.75625,170.90506
36.63125,-121.75208333333333,159.52298
36.63125,-121.74791666666667,150.49849
36.63125,-121.74375,144.06364
36.63125,-121.73958333333333,134.63036
36.63125,-121.73541666666667,120.09529
36.63125,-121.73125,109.06764
36.63125,-121.72708333333333,84.8372
36.63125,-121.72291666666666,57.826046
36.63125,-121.71875,33.21449
36.63125,-121.71458333333334,34.145023
36.63125,-121.71041666666667,26.59431
36.63125,-121.70625,28.363111
36.63125,-121.70208333333333,25.251156
36.635416666666664,-122.09791666666666,-1567.8954
36.635416666666664,-122.09375,-1445.903
36.635416666666664,-122.08958333333334,-1340.0298
36.635416666666664,-122.08541666666667,-1231.762
36.635416666666664,-122.08125,-1235.063
36.635416666666664,-122.07708333333333,-1400.7866
36.635416666666664,-122.07291666666667,-1509.2283
36.635416666666664,-122.06875,-1459.2146
36.635416666666664,-122.06458333333333,-1317.1882
36.635416666666664,-122.06041666666667,-1147.657
36.635416666666664,-122.05625,-1013.0625
36.635416666666664,-122.05208333333333,-898.2694
36.635416666666664,-122.04791666666667,-824.07916
36.635416666666664,-122.04375,-716.1511
36.635416666666664,-122.03958333333333,-555.9212
36.635416666666664,-122.03541666666666,-447.6361
36.635416666666664,-122.03125,-359.91776
36.635416666666664,-122.02708333333334,-289.48398
36.635416666666664,-122.02291666666667,-223.2678
36.635416666666664,-122.01875,-157.25253
36.635416666666664,-122.01458333333333,-130.54562
36.635416666666664,-122.01041666666667,-117.334114
36.635416666666664,-122.00625,-109.145164
36.635416666666664,-122.00208333333333,-102.81742
36.635416666666664,-121.99791666666667,-98.19376
36.635416666666664,-121.99375,-95.14448
36.635416666666664,-121.98958333333333,-90.70787
36.635416666666664,-121.98541666666667,-81.22027
36.635416666666664,-121.98125,-70.7413
36.635416666666664,-121.97708333333333,-63.492317
36.635416666666664,-121.97291666666666,-56.906246
36.635416666666664,-121.96875,-49.640785
36.635416666666664,-121.96458333333334,-46.42023
36.635416666666664,-121.96041666666667,-46.820698
36.635416666666664,-121.95625,-45.014957
36.635416666666664,-121.95208333333333,-38.303913
36.635416666666664,-121.94791666666667,-27.285255
36.635416666666664,-121.94375,-12.894987
36.635416666666664,-121.93958333333333,-2.6797013
36.635416666666664,-121.93541666666667,7.4406133
36.635416666666664,-121.93125,8.076186
36.635416666666664,-121.92708333333333,8.012391
36.635416666666664,-121.92291666666667,-3.9684873
36.635416666666664,-121.91875,-12.772864
36.635416666666664,-121.91458333333333,-24.643211
36.635416666666664,-121.91041666666666,-35.319714
36.635416666666664,-121.90625,-53.269135
36.635416666666664,-121.90208333333334,-62.042004
36.635416666666664,-121.89791666666667,-62.810913
36.635416666666664,-121.89375,-62.02925
36.635416666666664,-121.88958333333333,-61.756588
36.635416666666664,-121.88541666666667,-60.80587
36.635416666666664,-121.88125,-58.341198
36.635416666666664,-121.87708333333333,-53.43639
36.635416666666664,-121.87291666666667,-49.936317
36.635416666666664,-121.86875,-48.45504
36.635416666666664,-121.86458333333333,-45.36665
36.635416666666664,-121.86041666666667,-37.836163
36.635416666666664,-121.85625,-29.90821
36.635416666666664,-121.85208333333333,-25.154331
36.635416666666664,-121.84791666666666,-21.028273
36.635416666666664,-121.84375,-14.439165
36.635416666666664,-121.83958333333334,-3.4310064
36.635416666666664,-121.83541666666667,32.57082
36.635416666666664,-121.83125,37.962444
36.635416666666664,-121.82708333333333,48.023335
36.635416666666664,-121.82291666666667,59.576622
36.635416666666664,-121.81875,66.74302
36.635416666666664,-121.81458333333333,81.53009
36.635416666666664,-121.81041666666667,99.43471
36.635416666666664,-121.80625,105.124535
36.635416666666664,-121.80208333333333,111.020935
36.635416666666664,-121.79791666666667,100.71604
36.635416666666664,-121.79375,95.63556
36.635416666666664,-121.78958333333333,106.80151
36.635416666666664,-121.78541666666666,95.28596
36.635416666666664,-121.78125,101.50862
36.635416666666664,-121.77708333333334,104.262
36.635416666666664,-121.77291666666667,113.10009
36.635416666666664,-121.76875,116.48293
36.635416666666664,-121.76458333333333,127.91907
36.635416666666664,-121.76041666666667,140.71524
36.635416666666664,-121.75625,149.93568
36.635416666666664,-121.75208333333333,143.70346
36.635416666666664,-121.74791666666667,142.90715
36.635416666666664,-121.74375,143.94609
36.635416666666664,-121.73958333333333,140.11
36.635416666666664,-121.73541666666667,127.96058
36.635416666666664,-121.73125,110.512535
36.635416666666664,-121.72708333333333,94.32667
36.635416666666664,-121.72291666666666,86.904
36.635416666666664,-121.71875,62.375244
36.635416666666664,-121.71458333333334,41.784977
36.635416666666664,-121.71041666666667,24.863644
36.635416666666664,-121.70625,21.422934
36.635416666666664,-121.70208333333333,15.148222
36.639583333333334,-122.09791666666666,-1556.092
36.639583333333334,-122.09375,-1471.5829
36.639583333333334,-122.08958333333334,-1387.3081
36.639583333333334,-122.08541666666667,-1271.5999
36.639583333333334,-122.08125,-1310.5859
36.639583333333334,-122.07708333333333,-1478.3477
36.639583333333334,-122.07291666666667,-1535.8652
36.639583333333334,-122.06875,-1419.2972
36.639583333333334,-122.06458333333333,-1254.297
36.639583333333334,-122.06041666666667,-1111.8976
36.639583333333334,-122.05625,-1014.8492
36.639583333333334,-122.05208333333333,-940.8967
36.639583333333334,-122.04791666666667,-866.48785
36.639583333333334,-122.04375,-736.75867
36.639583333333334,-122.03958333333333,-611.5676
36.639583333333334,-122.03541666666666,-483.13678
36.639583333333334,-122.03125,-384.5637
36.639583333333334,-122.02708333333334,-315.13666
36.639583333333334,-122.02291666666667,-245.38568
36.639583333333334,-122.01875,-168.05928
36.639583333333334,-122.01458333333333,-132.85875
36.639583333333334,-122.01041666666667,-118.77814
36.639583333333334,-122.00625,-110.83085
36.639583333333334,-122.00208333333333,-104.82898
36.639583333333334,-121.99791666666667,-99.49619
36.639583333333334,-121.99375,-97.66548
36.639583333333334,-121.98958333333333,-94.27058
36.639583333333334,-121.98541666666667,-86.79249
36.639583333333334,-121.98125,-79.02578
36.639583333333334,-121.97708333333333,-72.76313
36.639583333333334,-121.97291666666666,-66.71665
36.639583333333334,-121.96875,-55.51403
36.639583333333334,-121.96458333333334,-47.52115
36.639583333333334,-121.96041666666667,-50.253002
36.639583333333334,-121.95625,-51.169685
36.639583333333334,-121.95208333333333,-48.392574
36.639583333333334,-121.94791666666667,-37.944016
36.639583333333334,-121.94375,-24.462286
36.639583333333334,-121.93958333333333,-12.065552
36.639583333333334,-121.93541666666667,-7.9917536
36.639583333333334,-121.93125,-7.5666986
36.639583333333334,-121.92708333333333,-12.066741
36.639583333333334,-121.92291666666667,-17.485182
36.639583333333334,-121.91875,-25.407572
36.639583333333334,-121.91458333333333,-34.169796
36.639583333333334,-121.91041666666666,-47.93623
36.639583333333334,-121.90625,-61.74094
36.639583333333334,-121.90208333333334,-66.13078
36.639583333333334,-121.89791666666667,-66.87889
36.639583333333334,-121.89375,-66.31923
36.639583333333334,-121.88958333333333,-65.2458
36.639583333333334,-121.88541666666667,-64.55034
36.639583333333334,-121.88125,-63.230106
36.639583333333334,-121.87708333333333,-59.185642
36.639583333333334,-121.87291666666667,-53.8635
36.639583333333334,-121.86875,-50.1353
36.639583333333334,-121.86458333333333,-48.380043
36.639583333333334,-121.86041666666667,-43.145123
36.639583333333334,-121.85625,-32.310917
36.639583333333334,-121.85208333333333,-29.464441
36.639583333333334,-121.84791666666666,-24.280592
36.639583333333334,-121.84375,-20.497269
36.639583333333334,-121.83958333333334,-10.723336
36.639583333333334,-121.83541666666667,4.9478884
36.639583333333334,-121.83125,22.983393
36.639583333333334,-121.82708333333333,31.799778
36.639583333333334,-121.82291666666667,38.664223
36.639583333333334,-121.81875,47.553867
36.639583333333334,-121.81458333333333,60.86311
36.639583333333334,-121.81041666666667,78.09893
36.639583333333334,-121.80625,90.694756
36.639583333333334,-121.80208333333333,96.25898
36.639583333333334,-121.79791666666667,99.463554
36.639583333333334,-121.79375,100.6792
36.639583333333334,-121.78958333333333,101.63569
36.639583333333334,-121.78541666666666,104.41427
36.639583333333334,-121.78125,107.12147
36.639583333333334,-121.77708333333334,111.89502
36.639583333333334,-121.77291666666667,108.84893
36.639583333333334,-121.76875,107.04018
36.639583333333334,-121.76458333333333,107.44205
36.639583333333334,-121.76041666666667,119.47809
36.639583333333334,-121.75625,126.65947
36.639583333333334,-121.75208333333333,126.31174
36.639583333333334,-121.74791666666667,125.40733
36.639583333333334,-121.74375,124.65186
36.639583333333334,-121.73958333333333,121.467285
36.639583333333334,-121.73541666666667,114.13253
36.639583333333334,-121.73125,105.02169
36.639583333333334,-121.72708333333333,94.74311
36.639583333333334,-121.72291666666666,88.37858
36.639583333333334,-121.71875,71.310844
36.639583333333334,-121.71458333333334,60.85169
36.639583333333334,-121.71041666666667,48.153778
36.639583333333334,-121.70625,25.740889
36.639583333333334,-121.70208333333333,11.5996
36.64375,-122.09791666666666,-1553.5027
36.64375,-122.09375,-1488.7568
36.64375,-122.08958333333334,-1362.8307
36.64375,-122.08541666666667,-1287.9137
36.64375,-122.08125,-1392.6722
36.64375,-122.07708333333333,-1552.0299
36.64375,-122.07291666666667,-1535.8855
36.64375,-122.06875,-1398.1628
36.64375,-122.06458333333333,-1286.0159
36.64375,-122.06041666666667,-1190.0288
36.64375,-122.05625,-1123.5342
36.64375,-122.05208333333333,-1050.4231
36.64375,-122.04791666666667,-927.0142
36.64375,-122.04375,-807.8609
36.64375,-122.03958333333333,-691.83057
36.64375,-122.03541666666666,-546.55994
36.64375,-122.03125,-425.5261
36.64375,-122.02708333333334,-345.2058
36.64375,-122.02291666666667,-269.16202
36.64375,-122.01875,-183.91864
36.64375,-122.01458333333333,-136.90517
36.64375,-122.01041666666667,-122.31163
36.64375,-122.00625,-114.01064
36.64375,-122.00208333333333,-108.806694
36.64375,-121.99791666666667,-101.97678
36.64375,-121.99375,-99.80097
36.64375,-121.98958333333333,-96.60155
36.64375,-121.98541666666667,-91.9654
36.64375,-121.98125,-87.347244
36.64375,-121.97708333333333,-83.00814
36.64375,-121.97291666666666,-76.89028
36.64375,-121.96875,-66.98989
36.64375,-121.96458333333334,-60.144474
36.64375,-121.96041666666667,-54.641243
36.64375,-121.95625,-56.01283
36.64375,-121.95208333333333,-57.030697
36.64375,-121.94791666666667,-54.463264
36.64375,-121.94375,-43.93528
36.64375,-121.93958333333333,-30.157282
36.64375,-121.93541666666667,-24.870825
36.64375,-121.93125,-25.720798
36.64375,-121.92708333333333,-31.902521
36.64375,-121.92291666666667,-36.07408
36.64375,-121.91875,-39.949593
36.64375,-121.91458333333333,-47.936485
36.64375,-121.91041666666666,-58.634575
36.64375,-121.90625,-66.585106
36.64375,-121.90208333333334,-69.6483
36.64375,-121.89791666666667,-68.82675
36.64375,-121.89375,-67.43841
36.64375,-121.88958333333333,-66.84001
36.64375,-121.88541666666667,-66.69828
36.64375,-121.88125,-65.74164
36.64375,-121.87708333333333,-62.678135
36.64375,-121.87291666666667,-57.36471
36.64375,-121.86875,-53.06223
36.64375,-121.86458333333333,-50.38346
36.64375,-121.86041666666667,-47.957455
36.64375,-121.85625,-37.35633
36.64375,-121.85208333333333,-31.2896
36.64375,-121.84791666666666,-28.677156
36.64375,-121.84375,-22.817394
36.64375,-121.83958333333334,-18.437265
36.64375,-121.83541666666667,-5.5141172
36.64375,-121.83125,21.913084
36.64375,-121.82708333333333,24.562578
36.64375,-121.82291666666667,30.867466
36.64375,-121.81875,41.90053
36.64375,-121.81458333333333,50.92182
36.64375,-121.81041666666667,66.80707
36.64375,-121.80625,77.68249
36.64375,-121.80208333333333,86.224976
36.64375,-121.79791666666667,93.39818
36.64375,-121.79375,101.21555
36.64375,-121.78958333333333,105.54164
36.64375,-121.78541666666666,107.18547
36.64375,-121.78125,102.209335
36.64375,-121.77708333333334,98.135735
36.64375,-121.77291666666667,103.40653
36.64375,-121.76875,103.81707
36.64375,-121.76458333333333,107.2924
36.64375,-121.76041666666667,98.15853
36.64375,-121.75625,99.741554
36.64375,-121.75208333333333,107.02791
36.64375,-121.74791666666667,103.151955
36.64375,-121.74375,99.577736
36.64375,-121.73958333333333,93.21445
36.64375,-121.73541666666667,87.41333
36.64375,-121.73125,79.892
36.64375,-121.72708333333333,68.54653
36.64375,-121.72291666666666,55.14649
36.64375,-121.71875,45.42511
36.64375,-121.71458333333334,16.4888
36.64375,-121.71041666666667,12.282978
36.64375,-121.70625,11.338178
36.64375,-121.70208333333333,11.834756
36.64791666666667,-122.09791666666666,-1584.5568
36.64791666666667,-122.09375,-1527.4014
36.64791666666667,-122.08958333333334,-1412.0757
36.64791666666667,-122.08541666666667,-1356.4601
36.64791666666667,-122.08125,-1473.1697
36.64791666666667,-122.07708333333333,-1593.3226
36.64791666666667,-122.07291666666667,-1541.3411
36.64791666666667,-122.06875,-1403.5725
36.64791666666667,-122.06458333333333,-1317.1007
36.64791666666667,-122.06041666666667,-1240.138
36.64791666666667,-122.05625,-1147.0658
36.64791666666667,-122.05208333333333,-1034.1425
36.64791666666667,-122.04791666666667,-881.965
36.64791666666667,-122.04375,-729.82996
36.64791666666667,-122.03958333333333,-593.42535
36.64791666666667,-122.03541666666666,-468.7709
36.64791666666667,-122.03125,-374.1137
36.64791666666667,-122.02708333333334,-304.94464
36.64791666666667,-122.02291666666667,-245.64088
36.64791666666667,-122.01875,-181.98311
36.64791666666667,-122.01458333333333,-140.9092
36.64791666666667,-122.01041666666667,-126.22359
36.64791666666667,-122.00625,-116.43768
36.64791666666667,-122.00208333333333,-110.268974
36.64791666666667,-121.99791666666667,-104.93158
36.64791666666667,-121.99375,-101.63825
36.64791666666667,-121.98958333333333,-99.6605
36.64791666666667,-121.98541666666667,-94.687546
36.64791666666667,-121.98125,-90.97039
36.64791666666667,-121.97708333333333,-88.34264
36.64791666666667,-121.97291666666666,-84.77243
36.64791666666667,-121.96875,-76.98583
36.64791666666667,-121.96458333333334,-69.922455
36.64791666666667,-121.96041666666667,-61.410027
36.64791666666667,-121.95625,-58.713005
36.64791666666667,-121.95208333333333,-60.553574
36.64791666666667,-121.94791666666667,-62.59643
36.64791666666667,-121.94375,-61.472256
36.64791666666667,-121.93958333333333,-50.24555
36.64791666666667,-121.93541666666667,-45.194233
36.64791666666667,-121.93125,-45.192017
36.64791666666667,-121.92708333333333,-50.027798
36.64791666666667,-121.92291666666667,-53.039684
36.64791666666667,-121.91875,-58.170074
36.64791666666667,-121.91458333333333,-64.280464
36.64791666666667,-121.91041666666666,-69.93988
36.64791666666667,-121.90625,-71.7566
36.64791666666667,-121.90208333333334,-71.988205
36.64791666666667,-121.89791666666667,-70.184166
36.64791666666667,-121.89375,-68.458435
36.64791666666667,-121.88958333333333,-67.60812
36.64791666666667,-121.88541666666667,-67.50453
36.64791666666667,-121.88125,-67.280876
36.64791666666667,-121.87708333333333,-64.79811
36.64791666666667,-121.87291666666667,-59.474888
36.64791666666667,-121.86875,-56.23302
36.64791666666667,-121.86458333333333,-52.925434
36.64791666666667,-121.86041666666667,-50.410454
36.64791666666667,-121.85625,-41.765694
36.64791666666667,-121.85208333333333,-33.695354
36.64791666666667,-121.84791666666666,-30.423145
36.64791666666667,-121.84375,-26.186789
36.64791666666667,-121.83958333333334,-21.95527
36.64791666666667,-121.83541666666667,-14.862492
36.64791666666667,-121.83125,-1.0239718
36.64791666666667,-121.82708333333333,19.059708
36.64791666666667,-121.82291666666667,26.170311
36.64791666666667,-121.81875,40.127068
36.64791666666667,-121.81458333333333,46.617065
36.64791666666667,-121.81041666666667,55.941154
36.64791666666667,-121.80625,63.140045
36.64791666666667,-121.80208333333333,68.18733
36.64791666666667,-121.79791666666667,77.77378
36.64791666666667,-121.79375,87.378
36.64791666666667,-121.78958333333333,95.963425
36.64791666666667,-121.78541666666666,100.4124
36.64791666666667,-121.78125,102.258
36.64791666666667,-121.77708333333334,96.92569
36.64791666666667,-121.77291666666667,103.069954
36.64791666666667,-121.76875,97.25547
36.64791666666667,-121.76458333333333,97.91235
36.64791666666667,-121.76041666666667,96.27067
36.64791666666667,-121.75625,94.315865
36.64791666666667,-121.75208333333333,99.24973
36.64791666666667,-121.74791666666667,91.20196
36.64791666666667,-121.74375,80.29249
36.64791666666667,-121.73958333333333,72.49275
36.64791666666667,-121.73541666666667,67.2996
36.64791666666667,-121.73125,55.59782
36.64791666666667,-121.72708333333333,30.786045
36.64791666666667,-121.72291666666666,10.003911
36.64791666666667,-121.71875,10.456
36.64791666666667,-121.71458333333334,10.836756
36.64791666666667,-121.71041666666667,10.728089
36.64791666666667,-121.70625,9.678756
36.64791666666667,-121.70208333333333,11.033289
36.65208333333334,-122.09791666666666,-1687.2098
36.65208333333334,-122.09375,-1579.8186
36.65208333333334,-122.08958333333334,-1451.9043
36.65208333333334,-122.08541666666667,-1405.9462
36.65208333333334,-122.08125,-1525.869
36.65208333333334,-122.07708333333333,-1621.816
36.65208333333334,-122.07291666666667,-1577.565
36.65208333333334,-122.06875,-1475.4167
36.65208333333334,-122.06458333333333,-1394.6326
36.65208333333334,-122.06041666666667,-1321.1415
36.65208333333334,-122.05625,-1217.9258
36.65208333333334,-122.05208333333333,-1078.9996
36.65208333333334,-122.04791666666667,-915.4042
36.65208333333334,-122.04375,-758.0083
36.65208333333334,-122.03958333333333,-621.51544
36.65208333333334,-122.03541666666666,-487.71118
36.65208333333334,-122.03125,-383.0057
36.65208333333334,-122.02708333333334,-313.57153
36.65208333333334,-122.02291666666667,-257.91586
36.65208333333334,-122.01875,-207.9044
36.65208333333334,-122.01458333333333,-160.82306
36.65208333333334,-122.01041666666667,-132.83339
36.65208333333334,-122.00625,-117.6693
36.65208333333334,-122.00208333333333,-109.39377
36.65208333333334,-121.99791666666667,-105.846344
36.65208333333334,-121.99375,-103.20407
36.65208333333334,-121.98958333333333,-103.323074
36.65208333333334,-121.98541666666667,-99.52666
36.65208333333334,-121.98125,-95.46688
36.65208333333334,-121.97708333333333,-92.67502
36.65208333333334,-121.97291666666666,-90.71151
36.65208333333334,-121.96875,-88.23195
36.65208333333334,-121.96458333333334,-84.129135
36.65208333333334,-121.96041666666667,-75.37211
36.65208333333334,-121.95625,-71.058586
36.65208333333334,-121.95208333333333,-69.74883
36.65208333333334,-121.94791666666667,-71.28367
36.65208333333334,-121.94375,-74.38975
36.65208333333334,-121.93958333333333,-72.214554
36.65208333333334,-121.93541666666667,-66.858185
36.65208333333334,-121.93125,-65.16971
36.65208333333334,-121.92708333333333,-66.73403
36.65208333333334,-121.92291666666667,-69.816154
36.65208333333334,-121.91875,-72.283775
36.65208333333334,-121.91458333333333,-74.56006
36.65208333333334,-121.91041666666666,-75.31072
36.65208333333334,-121.90625,-74.36228
36.65208333333334,-121.90208333333334,-73.16525
36.65208333333334,-121.89791666666667,-72.53338
36.65208333333334,-121.89375,-71.48449
36.65208333333334,-121.88958333333333,-69.27069
36.65208333333334,-121.88541666666667,-68.45362
36.65208333333334,-121.88125,-68.22132
36.65208333333334,-121.87708333333333,-66.508514
36.65208333333334,-121.87291666666667,-61.365242
36.65208333333334,-121.86875,-58.329437
36.65208333333334,-121.86458333333333,-56.045708
36.65208333333334,-121.86041666666667,-52.586605
36.65208333333334,-121.85625,-46.447556
36.65208333333334,-121.85208333333333,-36.917274
36.65208333333334,-121.84791666666666,-32.01801
36.65208333333334,-121.84375,-29.378763
36.65208333333334,-121.83958333333334,-24.606075
36.65208333333334,-121.83541666666667,-20.775738
36.65208333333334,-121.83125,-8.797596
36.65208333333334,-121.82708333333333,22.309307
36.65208333333334,-121.82291666666667,28.744844
36.65208333333334,-121.81875,33.501823
36.65208333333334,-121.81458333333333,42.400043
36.65208333333334,-121.81041666666667,51.851868
36.65208333333334,-121.80625,54.051067
36.65208333333334,-121.80208333333333,61.180977
36.65208333333334,-121.79791666666667,69.94422
36.65208333333334,-121.79375,74.47453
36.65208333333334,-121.78958333333333,79.89574
36.65208333333334,-121.78541666666666,85.19307
36.65208333333334,-121.78125,83.112045
36.65208333333334,-121.77708333333334,83.33191
36.65208333333334,-121.77291666666667,87.52942
36.65208333333334,-121.76875,88.26342
36.65208333333334,-121.76458333333333,89.376
36.65208333333334,-121.76041666666667,89.43738
36.65208333333334,-121.75625,92.07671
36.65208333333334,-121.75208333333333,85.260574
36.65208333333334,-121.74791666666667,80.99862
36.65208333333334,-121.74375,67.700264
36.65208333333334,-121.73958333333333,59.200268
36.65208333333334,-121.73541666666667,53.651157
36.65208333333334,-121.73125,46.44618
36.65208333333334,-121.72708333333333,35.71618
36.65208333333334,-121.72291666666666,8.944711
36.65208333333334,-121.71875,10.034844
36.65208333333334,-121.71458333333334,10.243022
36.65208333333334,-121.71041666666667,10.032889
36.65208333333334,-121.70625,10.819956
36.65208333333334,-121.70208333333333,11.350978
36.65625,-122.09791666666666,-1805.3096
36.65625,-122.09375,-1614.6317
36.65625,-122.08958333333334,-1493.0093
36.65625,-122.08541666666667,-1454.5748
36.65625,-122.08125,-1536.1664
36.65625,-122.07708333333333,-1623.8367
36.65625,-122.07291666666667,-1647.0137
36.65625,-122.06875,-1585.2004
36.65625,-122.06458333333333,-1468.8098
36.65625,-122.06041666666667,-1322.1464
36.65625,-122.05625,-1181.3936
36.65625,-122.05208333333333,-1074.063
36.65625,-122.04791666666667,-951.45825
36.65625,-122.04375,-804.4775
36.65625,-122.03958333333333,-667.3772
36.65625,-122.03541666666666,-551.49536
36.65625,-122.03125,-470.00293
36.65625,-122.02708333333334,-402.09964
36.65625,-122.02291666666667,-339.86496
36.65625,-122.01875,-278.5326
36.65625,-122.01458333333333,-206.10522
36.65625,-122.01041666666667,-144.9882
36.65625,-122.00625,-122.0957
36.65625,-122.00208333333333,-110.34746
36.65625,-121.99791666666667,-107.233246
36.65625,-121.99375,-106.44267
36.65625,-121.98958333333333,-105.326355
36.65625,-121.98541666666667,-103.16402
36.65625,-121.98125,-100.07604
36.65625,-121.97708333333333,-97.06682
36.65625,-121.97291666666666,-94.96676
36.65625,-121.96875,-93.238785
36.65625,-121.96458333333334,-92.05118
36.65625,-121.96041666666667,-89.30366
36.65625,-121.95625,-86.340675
36.65625,-121.95208333333333,-83.941086
36.65625,-121.94791666666667,-84.819145
36.65625,-121.94375,-83.40906
36.65625,-121.93958333333333,-82.515816
36.65625,-121.93541666666667,-79.27091
36.65625,-121.93125,-77.99513
36.65625,-121.92708333333333,-79.11549
36.65625,-121.92291666666667,-79.72689
36.65625,-121.91875,-79.77396
36.65625,-121.91458333333333,-79.791695
36.65625,-121.91041666666666,-79.21662
36.65625,-121.90625,-77.17879
36.65625,-121.90208333333334,-75.06065
36.65625,-121.89791666666667,-74.26115
36.65625,-121.89375,-73.60797
36.65625,-121.88958333333333,-71.25489
36.65625,-121.88541666666667,-69.9923
36.65625,-121.88125,-69.62175
36.65625,-121.87708333333333,-67.801796
36.65625,-121.87291666666667,-63.05216
36.65625,-121.86875,-60.41021
36.65625,-121.86458333333333,-58.239418
36.65625,-121.86041666666667,-55.19862
36.65625,-121.85625,-50.321136
36.65625,-121.85208333333333,-41.247604
36.65625,-121.84791666666666,-34.60727
36.65625,-121.84375,-30.344118
36.65625,-121.83958333333334,-28.45151
36.65625,-121.83541666666667,-23.29799
36.65625,-121.83125,-16.827553
36.65625,-121.82708333333333,-1.1042876
36.65625,-121.82291666666667,19.80165
36.65625,-121.81875,26.923288
36.65625,-121.81458333333333,38.924667
36.65625,-121.81041666666667,46.92573
36.65625,-121.80625,47.857113
36.65625,-121.80208333333333,52.22031
36.65625,-121.79791666666667,56.127735
36.65625,-121.79375,59.1184
36.65625,-121.78958333333333,65.13338
36.65625,-121.78541666666666,71.71387
36.65625,-121.78125,75.059425
36.65625,-121.77708333333334,74.82596
36.65625,-121.77291666666667,71.541374
36.65625,-121.76875,72.6064
36.65625,-121.76458333333333,67.71871
36.65625,-121.76041666666667,70.89129
36.65625,-121.75625,66.96253
36.65625,-121.75208333333333,63.530888
36.65625,-121.74791666666667,64.65293
36.65625,-121.74375,65.694046
36.65625,-121.73958333333333,62.411022
36.65625,-121.73541666666667,46.128265
36.65625,-121.73125,25.131245
36.65625,-121.72708333333333,9.9468
36.65625,-121.72291666666666,9.453022
36.65625,-121.71875,8.885644
36.65625,-121.71458333333334,9.377022
36.65625,-121.71041666666667,10.820845
36.65625,-121.70625,11.104
36.65625,-121.70208333333333,10.388667
36.66041666666666,-122.09791666666666,-1819.3835
36.66041666666666,-122.09375,-1629.0251
36.66041666666666,-122.08958333333334,-1525.2917
36.66041666666666,-122.08541666666667,-1546.724
36.66041666666666,-122.08125,-1612.1093
36.66041666666666,-122.07708333333333,-1656.4119
36.66041666666666,-122.07291666666667,-1698.9834
36.66041666666666,-122.06875,-1660.2999
36.66041666666666,-122.06458333333333,-1528.9191
36.66041666666666,-122.06041666666667,-1372.2434
36.66041666666666,-122.05625,-1180.2573
36.66041666666666,-122.05208333333333,-963.1438
36.66041666666666,-122.04791666666667,-807.9095
36.66041666666666,-122.04375,-725.5307
36.66041666666666,-122.03958333333333,-654.3406
36.66041666666666,-122.03541666666666,-573.6768
36.66041666666666,-122.03125,-505.89594
36.66041666666666,-122.02708333333334,-433.12976
36.66041666666666,-122.02291666666667,-358.3718
36.66041666666666,-122.01875,-289.18198
36.66041666666666,-122.01458333333333,-217.88481
36.66041666666666,-122.01041666666667,-153.19511
36.66041666666666,-122.00625,-127.14059
36.66041666666666,-122.00208333333333,-114.11324
36.66041666666666,-121.99791666666667,-111.58924
36.66041666666666,-121.99375,-109.842
36.66041666666666,-121.98958333333333,-106.71874
36.66041666666666,-121.98541666666667,-104.07236
36.66041666666666,-121.98125,-102.92308
36.66041666666666,-121.97708333333333,-100.819176
36.66041666666666,-121.97291666666666,-98.467766
36.66041666666666,-121.96875,-96.990005
36.66041666666666,-121.96458333333334,-95.65928
36.66041666666666,-121.96041666666667,-94.2437
36.66041666666666,-121.95625,-92.51458
36.66041666666666,-121.95208333333333,-90.54591
36.66041666666666,-121.94791666666667,-88.59053
36.66041666666666,-121.94375,-86.82111
36.66041666666666,-121.93958333333333,-86.52774
36.66041666666666,-121.93541666666667,-87.01983
36.66041666666666,-121.93125,-85.37829
36.66041666666666,-121.92708333333333,-84.079384
36.66041666666666,-121.92291666666667,-83.56754
36.66041666666666,-121.91875,-83.14476
36.66041666666666,-121.91458333333333,-82.709175
36.66041666666666,-121.91041666666666,-82.0372
36.66041666666666,-121.90625,-80.32747
36.66041666666666,-121.90208333333334,-77.8576
36.66041666666666,-121.89791666666667,-76.608734
36.66041666666666,-121.89375,-75.58771
36.66041666666666,-121.88958333333333,-72.992485
36.66041666666666,-121.88541666666667,-71.65686
36.66041666666666,-121.88125,-71.12629
36.66041666666666,-121.87708333333333,-69.222496
36.66041666666666,-121.87291666666667,-64.125725
36.66041666666666,-121.86875,-61.67033
36.66041666666666,-121.86458333333333,-59.93837
36.66041666666666,-121.86041666666667,-57.150517
36.66041666666666,-121.85625,-53.271805
36.66041666666666,-121.85208333333333,-46.204453
36.66041666666666,-121.84791666666666,-37.795517
36.66041666666666,-121.84375,-31.629622
36.66041666666666,-121.83958333333334,-29.738379
36.66041666666666,-121.83541666666667,-27.0523
36.66041666666666,-121.83125,-22.051155
36.66041666666666,-121.82708333333333,-9.672772
36.66041666666666,-121.82291666666667,20.986277
36.66041666666666,-121.81875,25.720533
36.66041666666666,-121.81458333333333,32.983734
36.66041666666666,-121.81041666666667,36.80231
36.66041666666666,-121.80625,41.539467
36.66041666666666,-121.80208333333333,48.164623
36.66041666666666,-121.79791666666667,44.92329
36.66041666666666,-121.79375,52.411556
36.66041666666666,-121.78958333333333,56.871334
36.66041666666666,-121.78541666666666,61.2788
36.66041666666666,-121.78125,69.278534
36.66041666666666,-121.77708333333334,62.44702
36.66041666666666,-121.77291666666667,59.44902
36.66041666666666,-121.76875,60.069332
36.66041666666666,-121.76458333333333,58.957157
36.66041666666666,-121.76041666666667,62.538578
36.66041666666666,-121.75625,55.487865
36.66041666666666,-121.75208333333333,53.761555
36.66041666666666,-121.74791666666667,56.56311
36.66041666666666,-121.74375,55.234
36.66041666666666,-121.73958333333333,31.320755
36.66041666666666,-121.73541666666667,9.407511
36.66041666666666,-121.73125,9.182755
36.66041666666666,-121.72708333333333,8.2736
36.66041666666666,-121.72291666666666,8.406755
36.66041666666666,-121.71875,8.346933
36.66041666666666,-121.71458333333334,9.287867
36.66041666666666,-121.71041666666667,10.9674225
36.66041666666666,-121.70625,10.262934
36.66041666666666,-121.70208333333333,9.595511
36.66458333333333,-122.09791666666666,-1825.0221
36.66458333333333,-122.09375,-1672.8198
36.66458333333333,-122.08958333333334,-1603.9951
36.66458333333333,-122.08541666666667,-1657.3048
36.66458333333333,-122.08125,-1728.9751
36.66458333333333,-122.07708333333333,-1746.9752
36.66458333333333,-122.07291666666667,-1736.4384
36.66458333333333,-122.06875,-1667.8556
36.66458333333333,-122.06458333333333,-1487.1947
36.66458333333333,-122.06041666666667,-1315.3376
36.66458333333333,-122.05625,-1111.5752
36.66458333333333,-122.05208333333333,-894.9563
36.66458333333333,-122.04791666666667,-766.6861
36.66458333333333,-122.04375,-696.3946
36.66458333333333,-122.03958333333333,-629.8151
36.66458333333333,-122.03541666666666,-590.8391
36.66458333333333,-122.03125,-530.7413
36.66458333333333,-122.02708333333334,-455.9861
36.66458333333333,-122.02291666666667,-387.2967
36.66458333333333,-122.01875,-321.6351
36.66458333333333,-122.01458333333333,-250.43414
36.66458333333333,-122.01041666666667,-173.95123
36.66458333333333,-122.00625,-134.63034
36.66458333333333,-122.00208333333333,-117.5633
36.66458333333333,-121.99791666666667,-113.338135
36.66458333333333,-121.99375,-110.74401
36.66458333333333,-121.98958333333333,-108.164215
36.66458333333333,-121.98541666666667,-105.23248
36.66458333333333,-121.98125,-104.23277
36.66458333333333,-121.97708333333333,-102.63483
36.66458333333333,-121.97291666666666,-100.583916
36.66458333333333,-121.96875,-99.07086
36.66458333333333,-121.96458333333334,-98.04503
36.66458333333333,-121.96041666666667,-96.75096
36.66458333333333,-121.95625,-95.21218
36.66458333333333,-121.95208333333333,-94.08294
36.66458333333333,-121.94791666666667,-92.55995
36.66458333333333,-121.94375,-91.05112
36.66458333333333,-121.93958333333333,-89.92562
36.66458333333333,-121.93541666666667,-89.84838
36.66458333333333,-121.93125,-88.556725
36.66458333333333,-121.92708333333333,-86.51891
36.66458333333333,-121.92291666666667,-85.191635
36.66458333333333,-121.91875,-83.90523
36.66458333333333,-121.91458333333333,-83.47948
36.66458333333333,-121.91041666666666,-83.15777
36.66458333333333,-121.90625,-82.299
36.66458333333333,-121.90208333333334,-80.76087
36.66458333333333,-121.89791666666667,-78.55605
36.66458333333333,-121.89375,-76.439606
36.66458333333333,-121.88958333333333,-74.22473
36.66458333333333,-121.88541666666667,-73.51527
36.66458333333333,-121.88125,-72.878654
36.66458333333333,-121.87708333333333,-71.105515
36.66458333333333,-121.87291666666667,-65.814575
36.66458333333333,-121.86875,-62.002583
36.66458333333333,-121.86458333333333,-60.666603
36.66458333333333,-121.86041666666667,-58.341038
36.66458333333333,-121.85625,-55.539642
36.66458333333333,-121.85208333333333,-50.930473
36.66458333333333,-121.84791666666666,-42.248024
36.66458333333333,-121.84375,-35.17413
36.66458333333333,-121.83958333333334,-30.371643
36.66458333333333,-121.83541666666667,-29.25549
36.66458333333333,-121.83125,-25.005466
36.66458333333333,-121.82708333333333,-17.19309
36.66458333333333,-121.82291666666667,-0.7559149
36.66458333333333,-121.81875,18.34067
36.66458333333333,-121.81458333333333,23.16831
36.66458333333333,-121.81041666666667,29.051823
36.66458333333333,-121.80625,35.93631
36.66458333333333,-121.80208333333333,35.6424
36.66458333333333,-121.79791666666667,41.994713
36.66458333333333,-121.79375,46.06
36.66458333333333,-121.78958333333333,47.515823
36.66458333333333,-121.78541666666666,52.214268
36.66458333333333,-121.78125,54.324978
36.66458333333333,-121.77708333333334,51.278446
36.66458333333333,-121.77291666666667,52.290356
36.66458333333333,-121.76875,52.483334
36.66458333333333,-121.76458333333333,51.943645
36.66458333333333,-121.76041666666667,49.146576
36.66458333333333,-121.75625,47.753067
36.66458333333333,-121.75208333333333,46.58329
36.66458333333333,-121.74791666666667,46.5492
36.66458333333333,-121.74375,46.167557
36.66458333333333,-121.73958333333333,14.7948
36.66458333333333,-121.73541666666667,8.888489
36.66458333333333,-121.73125,9.255333
36.66458333333333,-121.72708333333333,8.879111
36.66458333333333,-121.72291666666666,8.353467
36.66458333333333,-121.71875,8.114578
36.66458333333333,-121.71458333333334,8.888222
36.66458333333333,-121.71041666666667,9.499111
36.66458333333333,-121.70625,9.235689
36.66458333333333,-121.70208333333333,9.110089
36.66875,-122.09791666666666,-1882.227
36.66875,-122.09375,-1792.0511
36.66875,-122.08958333333334,-1816.4255
36.66875,-122.08541666666667,-1832.8134
36.66875,-122.08125,-1820.3838
36.66875,-122.07708333333333,-1780.4408
36.66875,-122.07291666666667,-1711.8762
36.66875,-122.06875,-1588.782
36.66875,-122.06458333333333,-1402.1117
36.66875,-122.06041666666667,-1204.7317
36.66875,-122.05625,-1073.5956
36.66875,-122.05208333333333,-963.85535
36.66875,-122.04791666666667,-897.7752
36.66875,-122.04375,-852.2232
36.66875,-122.03958333333333,-792.641
36.66875,-122.03541666666666,-729.9003
36.66875,-122.03125,-637.22614
36.66875,-122.02708333333334,-533.4748
36.66875,-122.02291666666667,-462.8448
36.66875,-122.01875,-378.6574
36.66875,-122.01458333333333,-296.29083
36.66875,-122.01041666666667,-216.85002
36.66875,-122.00625,-151.99925
36.66875,-122.00208333333333,-123.26553
36.66875,-121.99791666666667,-113.89884
36.66875,-121.99375,-109.55313
36.66875,-121.98958333333333,-108.54301
36.66875,-121.98541666666667,-107.46291
36.66875,-121.98125,-105.545334
36.66875,-121.97708333333333,-103.979866
36.66875,-121.97291666666666,-102.19859
36.66875,-121.96875,-100.18856
36.66875,-121.96458333333334,-98.82601
36.66875,-121.96041666666667,-97.504654
36.66875,-121.95625,-96.24204
36.66875,-121.95208333333333,-95.273575
36.66875,-121.94791666666667,-94.65663
36.66875,-121.94375,-93.27142
36.66875,-121.93958333333333,-92.22572
36.66875,-121.93541666666667,-91.45942
36.66875,-121.93125,-90.54952
36.66875,-121.92708333333333,-88.5101
36.66875,-121.92291666666667,-86.07597
36.66875,-121.91875,-84.74807
36.66875,-121.91458333333333,-83.985306
36.66875,-121.91041666666666,-83.52722
36.66875,-121.90625,-83.086624
36.66875,-121.90208333333334,-81.701584
36.66875,-121.89791666666667,-79.55063
36.66875,-121.89375,-76.875694
36.66875,-121.88958333333333,-75.30982
36.66875,-121.88541666666667,-74.88232
36.66875,-121.88125,-74.19839
36.66875,-121.87708333333333,-72.78529
36.66875,-121.87291666666667,-68.817566
36.66875,-121.86875,-63.948418
36.66875,-121.86458333333333,-61.268906
36.66875,-121.86041666666667,-59.403004
36.66875,-121.85625,-57.297607
36.66875,-121.85208333333333,-54.302277
36.66875,-121.84791666666666,-47.96906
36.66875,-121.84375,-38.17931
36.66875,-121.83958333333334,-32.68726
36.66875,-121.83541666666667,-29.894213
36.66875,-121.83125,-26.731237
36.66875,-121.82708333333333,-21.54354
36.66875,-121.82291666666667,-8.090822
36.66875,-121.81875,19.298853
36.66875,-121.81458333333333,17.537067
36.66875,-121.81041666666667,27.882044
36.66875,-121.80625,32.74071
36.66875,-121.80208333333333,31.028933
36.66875,-121.79791666666667,29.731289
36.66875,-121.79375,32.952
36.66875,-121.78958333333333,37.971954
36.66875,-121.78541666666666,45.43631
36.66875,-121.78125,47.553333
36.66875,-121.77708333333334,47.530132
36.66875,-121.77291666666667,51.926846
36.66875,-121.76875,47.069332
36.66875,-121.76458333333333,44.86609
36.66875,-121.76041666666667,43.302578
36.66875,-121.75625,43.99951
36.66875,-121.75208333333333,44.6864
36.66875,-121.74791666666667,43.9492
36.66875,-121.74375,31.9216
36.66875,-121.73958333333333,7.7696443
36.66875,-121.73541666666667,7.899022
36.66875,-121.73125,8.122133
36.66875,-121.72708333333333,7.8114223
36.66875,-121.72291666666666,8.145689
36.66875,-121.71875,9.004444
36.66875,-121.71458333333334,8.699156
36.66875,-121.71041666666667,8.723511
36.66875,-121.70625,8.703067
36.66875,-121.70208333333333,8.823112
36.672916666666666,-122.09791666666666,-1962.0582
36.672916666666666,-122.09375,-1912.8849
36.672916666666666,-122.08958333333334,-1862.2148
36.672916666666666,-122.08541666666667,-1744.5856
36.672916666666666,-122.08125,-1673.272
36.672916666666666,-122.07708333333333,-1591.4232
36.672916666666666,-122.07291666666667,-1495.9904
36.672916666666666,-122.06875,-1374.6151
36.672916666666666,-122.06458333333333,-1268.7892
36.672916666666666,-122.06041666666667,-1174.0673
36.672916666666666,-122.05625,-1094.0563
36.672916666666666,-122.05208333333333,-1005.17566
36.672916666666666,-122.04791666666667,-916.1272
36.672916666666666,-122.04375,-824.38354
36.672916666666666,-122.03958333333333,-724.61816
36.672916666666666,-122.03541666666666,-654.87726
36.672916666666666,-122.03125,-599.7095
36.672916666666666,-122.02708333333334,-559.61646
36.672916666666666,-122.02291666666667,-509.52362
36.672916666666666,-122.01875,-426.95657
36.672916666666666,-122.01458333333333,-348.7593
36.672916666666666,-122.01041666666667,-271.96973
36.672916666666666,-122.00625,-184.0439
36.672916666666666,-122.00208333333333,-132.28253
36.672916666666666,-121.99791666666667,-117.74525
36.672916666666666,-121.99375,-112.32833
36.672916666666666,-121.98958333333333,-109.43511
36.672916666666666,-121.98541666666667,-108.291725
36.672916666666666,-121.98125,-106.24939
36.672916666666666,-121.97708333333333,-104.4541
36.672916666666666,-121.97291666666666,-103.39946
36.672916666666666,-121.96875,-101.93064
36.672916666666666,-121.96458333333334,-100.10185
36.672916666666666,-121.96041666666667,-98.30026
36.672916666666666,-121.95625,-96.71641
36.672916666666666,-121.95208333333333,-95.76193
36.672916666666666,-121.94791666666667,-95.288635
36.672916666666666,-121.94375,-94.520706
36.672916666666666,-121.93958333333333,-93.245636
36.672916666666666,-121.93541666666667,-92.1841
36.672916666666666,-121.93125,-91.420784
36.672916666666666,-121.92708333333333,-90.36101
36.672916666666666,-121.92291666666667,-88.19785
36.672916666666666,-121.91875,-86.189064
36.672916666666666,-121.91458333333333,-85.343575
36.672916666666666,-121.91041666666666,-84.8466
36.672916666666666,-121.90625,-84.404305
36.672916666666666,-121.90208333333334,-82.8313
36.672916666666666,-121.89791666666667,-80.00446
36.672916666666666,-121.89375,-77.16532
36.672916666666666,-121.88958333333333,-76.206505
36.672916666666666,-121.88541666666667,-76.07084
36.672916666666666,-121.88125,-75.38526
36.672916666666666,-121.87708333333333,-73.91733
36.672916666666666,-121.87291666666667,-70.67765
36.672916666666666,-121.86875,-66.98799
36.672916666666666,-121.86458333333333,-63.353477
36.672916666666666,-121.86041666666667,-60.543823
36.672916666666666,-121.85625,-58.781418
36.672916666666666,-121.85208333333333,-55.979023
36.672916666666666,-121.84791666666666,-51.25613
36.672916666666666,-121.84375,-41.641537
36.672916666666666,-121.83958333333334,-35.826107
36.672916666666666,-121.83541666666667,-31.310114
36.672916666666666,-121.83125,-28.027899
36.672916666666666,-121.82708333333333,-23.594208
36.672916666666666,-121.82291666666667,-14.335186
36.672916666666666,-121.81875,0.40240833
36.672916666666666,-121.81458333333333,16.422634
36.672916666666666,-121.81041666666667,19.083422
36.672916666666666,-121.80625,22.436977
36.672916666666666,-121.80208333333333,28.014845
36.672916666666666,-121.79791666666667,30.148977
36.672916666666666,-121.79375,30.374
36.672916666666666,-121.78958333333333,34.2396
36.672916666666666,-121.78541666666666,38.26049
36.672916666666666,-121.78125,40.08658
36.672916666666666,-121.77708333333334,43.63631
36.672916666666666,-121.77291666666667,46.219067
36.672916666666666,-121.76875,43.04222
36.672916666666666,-121.76458333333333,40.55942
36.672916666666666,-121.76041666666667,41.677155
36.672916666666666,-121.75625,39.8492
36.672916666666666,-121.75208333333333,37.709866
36.672916666666666,-121.74791666666667,33.99569
36.672916666666666,-121.74375,8.033022
36.672916666666666,-121.73958333333333,7.427467
36.672916666666666,-121.73541666666667,8.180445
36.672916666666666,-121.73125,8.054889
36.672916666666666,-121.72708333333333,7.5838666
36.672916666666666,-121.72291666666666,8.7604885
36.672916666666666,-121.71875,8.413511
36.672916666666666,-121.71458333333334,8.204667
36.672916666666666,-121.71041666666667,8.313644
36.672916666666666,-121.70625,8.2892
36.672916666666666,-121.70208333333333,8.529067
36.677083333333336,-122.09791666666666,-1962.3505
36.677083333333336,-122.09375,-1895.118
36.677083333333336,-122.08958333333334,-1781.9603
36.677083333333336,-122.08541666666667,-1610.7397
36.677083333333336,-122.08125,-1501.5967
36.677083333333336,-122.07708333333333,-1446.132
36.677083333333336,-122.07291666666667,-1398.5857
36.677083333333336,-122.06875,-1307.0331
36.677083333333336,-122.06458333333333,-1213.2649
36.677083333333336,-122.06041666666667,-1102.443
36.677083333333336,-122.05625,-975.3772
36.677083333333336,-122.05208333333333,-890.26074
36.677083333333336,-122.04791666666667,-828.8333
36.677083333333336,-122.04375,-756.0613
36.677083333333336,-122.03958333333333,-653.2682
36.677083333333336,-122.03541666666666,-572.26385
36.677083333333336,-122.03125,-537.2254
36.677083333333336,-122.02708333333334,-497.71716
36.677083333333336,-122.02291666666667,-439.2997
36.677083333333336,-122.01875,-383.7493
36.677083333333336,-122.01458333333333,-332.06897
36.677083333333336,-122.01041666666667,-269.18478
36.677083333333336,-122.00625,-188.50024
36.677083333333336,-122.00208333333333,-135.22533
36.677083333333336,-121.99791666666667,-122.02717
36.677083333333336,-121.99375,-116.00042
36.677083333333336,-121.98958333333333,-111.92693
36.677083333333336,-121.98541666666667,-109.25775
36.677083333333336,-121.98125,-106.85961
36.677083333333336,-121.97708333333333,-104.735466
36.677083333333336,-121.97291666666666,-103.840775
36.677083333333336,-121.96875,-103.156136
36.677083333333336,-121.96458333333334,-101.68125
36.677083333333336,-121.96041666666667,-99.596855
36.677083333333336,-121.95625,-97.67987
36.677083333333336,-121.95208333333333,-96.37941
36.677083333333336,-121.94791666666667,-95.55413
36.677083333333336,-121.94375,-95.25182
36.677083333333336,-121.93958333333333,-94.16724
36.677083333333336,-121.93541666666667,-93.04735
36.677083333333336,-121.93125,-91.858086
36.677083333333336,-121.92708333333333,-91.149025
36.677083333333336,-121.92291666666667,-89.78206
36.677083333333336,-121.91875,-87.263565
36.677083333333336,-121.91458333333333,-86.14684
36.677083333333336,-121.91041666666666,-85.46519
36.677083333333336,-121.90625,-85.05624
36.677083333333336,-121.90208333333334,-83.80545
36.677083333333336,-121.89791666666667,-80.90366
36.677083333333336,-121.89375,-78.61232
36.677083333333336,-121.88958333333333,-76.909134
36.677083333333336,-121.88541666666667,-76.36354
36.677083333333336,-121.88125,-76.231094
36.677083333333336,-121.87708333333333,-75.24988
36.677083333333336,-121.87291666666667,-71.55035
36.677083333333336,-121.86875,-67.86492
36.677083333333336,-121.86458333333333,-65.176346
36.677083333333336,-121.86041666666667,-62.149178
36.677083333333336,-121.85625,-59.879707
36.677083333333336,-121.85208333333333,-58.066605
36.677083333333336,-121.84791666666666,-53.141483
36.677083333333336,-121.84375,-45.8757
36.677083333333336,-121.83958333333334,-39.88718
36.677083333333336,-121.83541666666667,-33.51218
36.677083333333336,-121.83125,-28.764206
36.677083333333336,-121.82708333333333,-24.727182
36.677083333333336,-121.82291666666667,-18.90969
36.677083333333336,-121.81875,-4.6224847
36.677083333333336,-121.81458333333333,20.916264
36.677083333333336,-121.81041666666667,17.065422
36.677083333333336,-121.80625,18.413334
36.677083333333336,-121.80208333333333,21.626667
36.677083333333336,-121.79791666666667,22.628
36.677083333333336,-121.79375,28.3164
36.677083333333336,-121.78958333333333,28.422577
36.677083333333336,-121.78541666666666,33.079556
36.677083333333336,-121.78125,38.138134
36.677083333333336,-121.77708333333334,43.809555
36.677083333333336,-121.77291666666667,43.598354
36.677083333333336,-121.76875,41.914043
36.677083333333336,-121.76458333333333,41.739243
36.677083333333336,-121.76041666666667,41.013332
36.677083333333336,-121.75625,39.625866
36.677083333333336,-121.75208333333333,32.606754
36.677083333333336,-121.74791666666667,9.888577
36.677083333333336,-121.74375,7.8950667
36.677083333333336,-121.73958333333333,8.046577
36.677083333333336,-121.73541666666667,8.5957775
36.677083333333336,-121.73125,8.663378
36.677083333333336,-121.72708333333333,8.84
36.677083333333336,-121.72291666666666,8.568755
36.677083333333336,-121.71875,7.8838224
36.677083333333336,-121.71458333333334,7.7166224
36.677083333333336,-121.71041666666667,7.656311
36.677083333333336,-121.70625,8.0851555
36.677083333333336,-121.70208333333333,8.545645
36.68125,-122.09791666666666,-1935.7356
36.68125,-122.09375,-1873.44
36.68125,-122.08958333333334,-1765.9966
36.68125,-122.08541666666667,-1662.5835
36.68125,-122.08125,-1577.1327
36.68125,-122.07708333333333,-1506.5414
36.68125,-122.07291666666667,-1396.394
36.68125,-122.06875,-1238.8257
36.68125,-122.06458333333333,-1131.377
36.68125,-122.06041666666667,-1093.3354
36.68125,-122.05625,-1022.5687
36.68125,-122.05208333333333,-971.33386
36.68125,-122.04791666666667,-890.34607
36.68125,-122.04375,-799.59045
36.68125,-122.03958333333333,-748.1699
36.68125,-122.03541666666666,-709.5782
36.68125,-122.03125,-711.7781
36.68125,-122.02708333333334,-673.29913
36.68125,-122.02291666666667,-562.90564
36.68125,-122.01875,-439.54153
36.68125,-122.01458333333333,-340.99527
36.68125,-122.01041666666667,-264.7895
36.68125,-122.00625,-191.40399
36.68125,-122.00208333333333,-139.8666
36.68125,-121.99791666666667,-123.340904
36.68125,-121.99375,-117.1972
36.68125,-121.98958333333333,-113.337555
36.68125,-121.98541666666667,-109.96716
36.68125,-121.98125,-107.458725
36.68125,-121.97708333333333,-105.52528
36.68125,-121.97291666666666,-103.858765
36.68125,-121.96875,-103.34325
36.68125,-121.96458333333334,-102.37632
36.68125,-121.96041666666667,-100.699814
36.68125,-121.95625,-98.77587
36.68125,-121.95208333333333,-97.18375
36.68125,-121.94791666666667,-96.10036
36.68125,-121.94375,-95.40895
36.68125,-121.93958333333333,-95.04929
36.68125,-121.93541666666667,-93.80694
36.68125,-121.93125,-92.79145
36.68125,-121.92708333333333,-91.67546
36.68125,-121.92291666666667,-91.25842
36.68125,-121.91875,-88.77799
36.68125,-121.91458333333333,-86.396385
36.68125,-121.91041666666666,-85.81495
36.68125,-121.90625,-85.44122
36.68125,-121.90208333333334,-84.26188
36.68125,-121.89791666666667,-81.65916
36.68125,-121.89375,-80.43412
36.68125,-121.88958333333333,-79.29987
36.68125,-121.88541666666667,-77.732216
36.68125,-121.88125,-77.11148
36.68125,-121.87708333333333,-76.237976
36.68125,-121.87291666666667,-72.01412
36.68125,-121.86875,-68.39061
36.68125,-121.86458333333333,-65.95087
36.68125,-121.86041666666667,-63.92711
36.68125,-121.85625,-62.11527
36.68125,-121.85208333333333,-59.85198
36.68125,-121.84791666666666,-55.511242
36.68125,-121.84375,-49.038994
36.68125,-121.83958333333334,-44.778664
36.68125,-121.83541666666667,-36.443916
36.68125,-121.83125,-28.94002
36.68125,-121.82708333333333,-25.425375
36.68125,-121.82291666666667,-21.431309
36.68125,-121.81875,-10.52711
36.68125,-121.81458333333333,19.161053
36.68125,-121.81041666666667,21.854979
36.68125,-121.80625,14.120889
36.68125,-121.80208333333333,13.005378
36.68125,-121.79791666666667,16.607067
36.68125,-121.79375,22.89191
36.68125,-121.78958333333333,25.115644
36.68125,-121.78541666666666,28.123022
36.68125,-121.78125,32.585423
36.68125,-121.77708333333334,37.453556
36.68125,-121.77291666666667,44.06218
36.68125,-121.76875,42.364265
36.68125,-121.76458333333333,40.141777
36.68125,-121.76041666666667,39.047688
36.68125,-121.75625,35.312443
36.68125,-121.75208333333333,8.339778
36.68125,-121.74791666666667,6.456311
36.68125,-121.74375,7.588978
36.68125,-121.73958333333333,7.955333
36.68125,-121.73541666666667,8.086
36.68125,-121.73125,8.411067
36.68125,-121.72708333333333,8.620356
36.68125,-121.72291666666666,8.014177
36.68125,-121.71875,7.586978
36.68125,-121.71458333333334,7.311378
36.68125,-121.71041666666667,7.9335113
36.68125,-121.70625,8.5188
36.68125,-121.70208333333333,8.927911
36.68541666666667,-122.09791666666666,-1905.3938
36.68541666666667,-122.09375,-1851.4635
36.68541666666667,-122.08958333333334,-1753.2448
36.68541666666667,-122.08541666666667,-1637.588
36.68541666666667,-122.08125,-1496.7786
36.68541666666667,-122.07708333333333,-1383.3723
36.68541666666667,-122.07291666666667,-1302.1582
36.68541666666667,-122.06875,-1260.4474
36.68541666666667,-122.06458333333333,-1243.8813
36.68541666666667,-122.06041666666667,-1242.6024
36.68541666666667,-122.05625,-1219.7197
36.68541666666667,-122.05208333333333,-1239.0485
36.68541666666667,-122.04791666666667,-1176.8313
36.68541666666667,-122.04375,-1060.4443
36.68541666666667,-122.03958333333333,-1014.9549
36.68541666666667,-122.03541666666666,-960.7986
36.68541666666667,-122.03125,-897.1225
36.68541666666667,-122.02708333333334,-829.62463
36.68541666666667,-122.02291666666667,-723.28937
36.68541666666667,-122.01875,-618.36316
36.68541666666667,-122.01458333333333,-498.82245
36.68541666666667,-122.01041666666667,-389.53455
36.68541666666667,-122.00625,-297.99066
36.68541666666667,-122.00208333333333,-199.33104
36.68541666666667,-121.99791666666667,-131.03317
36.68541666666667,-121.99375,-118.87417
36.68541666666667,-121.98958333333333,-114.64837
36.68541666666667,-121.98541666666667,-111.67294
36.68541666666667,-121.98125,-108.7404
36.68541666666667,-121.97708333333333,-106.51395
36.68541666666667,-121.97291666666666,-104.99052
36.68541666666667,-121.96875,-104.07535
36.68541666666667,-121.96458333333334,-103.33258
36.68541666666667,-121.96041666666667,-101.78117
36.68541666666667,-121.95625,-99.7333
36.68541666666667,-121.95208333333333,-98.27656
36.68541666666667,-121.94791666666667,-96.82409
36.68541666666667,-121.94375,-95.861725
36.68541666666667,-121.93958333333333,-95.50689
36.68541666666667,-121.93541666666667,-94.81024
36.68541666666667,-121.93125,-93.7635
36.68541666666667,-121.92708333333333,-92.71452
36.68541666666667,-121.92291666666667,-91.869865
36.68541666666667,-121.91875,-90.78152
36.68541666666667,-121.91458333333333,-87.51701
36.68541666666667,-121.91041666666666,-86.08309
36.68541666666667,-121.90625,-85.41744
36.68541666666667,-121.90208333333334,-84.146774
36.68541666666667,-121.89791666666667,-81.75007
36.68541666666667,-121.89375,-80.932365
36.68541666666667,-121.88958333333333,-80.23357
36.68541666666667,-121.88541666666667,-79.55653
36.68541666666667,-121.88125,-78.61287
36.68541666666667,-121.87708333333333,-77.1123
36.68541666666667,-121.87291666666667,-71.85988
36.68541666666667,-121.86875,-68.54121
36.68541666666667,-121.86458333333333,-66.94994
36.68541666666667,-121.86041666666667,-64.92107
36.68541666666667,-121.85625,-63.466663
36.68541666666667,-121.85208333333333,-61.291874
36.68541666666667,-121.84791666666666,-56.821266
36.68541666666667,-121.84375,-50.312923
36.68541666666667,-121.83958333333334,-47.37195
36.68541666666667,-121.83541666666667,-39.783566
36.68541666666667,-121.83125,-29.88368
36.68541666666667,-121.82708333333333,-26.561039
36.68541666666667,-121.82291666666667,-21.48084
36.68541666666667,-121.81875,-15.147268
36.68541666666667,-121.81458333333333,-0.5547778
36.68541666666667,-121.81041666666667,22.261026
36.68541666666667,-121.80625,10.591245
36.68541666666667,-121.80208333333333,9.2216
36.68541666666667,-121.79791666666667,10.637867
36.68541666666667,-121.79375,14.004312
36.68541666666667,-121.78958333333333,21.88329
36.68541666666667,-121.78541666666666,30.074533
36.68541666666667,-121.78125,34.5592
36.68541666666667,-121.77708333333334,37.717155
36.68541666666667,-121.77291666666667,37.926132
36.68541666666667,-121.76875,38.57409
36.68541666666667,-121.76458333333333,39.976757
36.68541666666667,-121.76041666666667,37.27973
36.68541666666667,-121.75625,17.38751
36.68541666666667,-121.75208333333333,5.6756444
36.68541666666667,-121.74791666666667,6.7879558
36.68541666666667,-121.74375,7.576622
36.68541666666667,-121.73958333333333,7.6644
36.68541666666667,-121.73541666666667,7.9941335
36.68541666666667,-121.73125,8.048622
36.68541666666667,-121.72708333333333,7.6740446
36.68541666666667,-121.72291666666666,7.068578
36.68541666666667,-121.71875,7.080711
36.68541666666667,-121.71458333333334,7.8338223
36.68541666666667,-121.71041666666667,8.494178
36.68541666666667,-121.70625,8.884178
36.68541666666667,-121.70208333333333,9.207689
36.68958333333333,-122.09791666666666,-1868.524
36.68958333333333,-122.09375,-1804.4778
36.68958333333333,-122.08958333333334,-1665.1833
36.68958333333333,-122.08541666666667,-1503.9707
36.68958333333333,-122.08125,-1422.064
36.68958333333333,-122.07708333333333,-1400.8888
36.68958333333333,-122.07291666666667,-1413.0698
36.68958333333333,-122.06875,-1459.199
36.68958333333333,-122.06458333333333,-1486.7622
36.68958333333333,-122.06041666666667,-1489.9198
36.68958333333333,-122.05625,-1473.926
36.68958333333333,-122.05208333333333,-1512.9171
36.68958333333333,-122.04791666666667,-1467.739
36.68958333333333,-122.04375,-1386.5868
36.68958333333333,-122.03958333333333,-1345.0162
36.68958333333333,-122.03541666666666,-1276.7079
36.68958333333333,-122.03125,-1209.5167
36.68958333333333,-122.02708333333334,-1105.4817
36.68958333333333,-122.02291666666667,-973.07935
36.68958333333333,-122.01875,-864.185
36.68958333333333,-122.01458333333333,-706.3962
36.68958333333333,-122.01041666666667,-515.6183
36.68958333333333,-122.00625,-401.25217
36.68958333333333,-122.00208333333333,-266.38837
36.68958333333333,-121.99791666666667,-158.49
36.68958333333333,-121.99375,-124.50103
36.68958333333333,-121.98958333333333,-116.809364
36.68958333333333,-121.98541666666667,-114.26059
36.68958333333333,-121.98125,-110.72606
36.68958333333333,-121.97708333333333,-108.40556
36.68958333333333,-121.97291666666666,-106.597046
36.68958333333333,-121.96875,-105.352425
36.68958333333333,-121.96458333333334,-104.23992
36.68958333333333,-121.96041666666667,-102.92155
36.68958333333333,-121.95625,-101.03384
36.68958333333333,-121.95208333333333,-99.33341
36.68958333333333,-121.94791666666667,-97.54945
36.68958333333333,-121.94375,-95.78483
36.68958333333333,-121.93958333333333,-95.69625
36.68958333333333,-121.93541666666667,-96.068214
36.68958333333333,-121.93125,-95.2988
36.68958333333333,-121.92708333333333,-94.09447
36.68958333333333,-121.92291666666667,-92.710594
36.68958333333333,-121.91875,-91.90031
36.68958333333333,-121.91458333333333,-89.82969
36.68958333333333,-121.91041666666666,-86.41062
36.68958333333333,-121.90625,-85.12906
36.68958333333333,-121.90208333333334,-83.95627
36.68958333333333,-121.89791666666667,-81.80438
36.68958333333333,-121.89375,-80.85515
36.68958333333333,-121.88958333333333,-80.26985
36.68958333333333,-121.88541666666667,-79.867615
36.68958333333333,-121.88125,-79.32119
36.68958333333333,-121.87708333333333,-77.480515
36.68958333333333,-121.87291666666667,-71.596054
36.68958333333333,-121.86875,-68.12793
36.68958333333333,-121.86458333333333,-66.926315
36.68958333333333,-121.86041666666667,-65.65948
36.68958333333333,-121.85625,-63.752537
36.68958333333333,-121.85208333333333,-61.755955
36.68958333333333,-121.84791666666666,-56.890465
36.68958333333333,-121.84375,-49.928024
36.68958333333333,-121.83958333333334,-48.133
36.68958333333333,-121.83541666666667,-41.84078
36.68958333333333,-121.83125,-30.986212
36.68958333333333,-121.82708333333333,-26.94457
36.68958333333333,-121.82291666666667,-21.961006
36.68958333333333,-121.81875,-18.251587
36.68958333333333,-121.81458333333333,-3.9108202
36.68958333333333,-121.81041666666667,18.213387
36.68958333333333,-121.80625,7.309644
36.68958333333333,-121.80208333333333,5.8323555
36.68958333333333,-121.79791666666667,11.856934
36.68958333333333,-121.79375,17.241423
36.68958333333333,-121.78958333333333,22.36831
36.68958333333333,-121.78541666666666,28.301777
36.68958333333333,-121.78125,30.439333
36.68958333333333,-121.77708333333334,33.725067
36.68958333333333,-121.77291666666667,35.971554
36.68958333333333,-121.76875,39.296932
36.68958333333333,-121.76458333333333,39.098087
36.68958333333333,-121.76041666666667,38.096222
36.68958333333333,-121.75625,15.422934
36.68958333333333,-121.75208333333333,6.2718225
36.68958333333333,-121.74791666666667,6.8201776
36.68958333333333,-121.74375,7.248889
36.68958333333333,-121.73958333333333,7.5954666
36.68958333333333,-121.73541666666667,7.8106666
36.68958333333333,-121.73125,7.2485776
36.68958333333333,-121.72708333333333,6.628222
36.68958333333333,-121.72291666666666,6.7586665
36.68958333333333,-121.71875,7.8508444
36.68958333333333,-121.71458333333334,9.091556
36.68958333333333,-121.71041666666667,9.839245
36.68958333333333,-121.70625,10.162756
36.68958333333333,-121.70208333333333,10.317066
36.69375,-122.09791666666666,-1837.136
36.69375,-122.09375,-1777.2432
36.69375,-122.08958333333334,-1667.3695
36.69375,-122.08541666666667,-1589.8962
36.69375,-122.08125,-1569.2195
36.69375,-122.07708333333333,-1630.5157
36.69375,-122.07291666666667,-1655.0791
36.69375,-122.06875,-1671.9215
36.69375,-122.06458333333333,-1699.3365
36.69375,-122.06041666666667,-1689.7509
36.69375,-122.05625,-1669.5918
36.69375,-122.05208333333333,-1671.0634
36.69375,-122.04791666666667,-1649.5183
36.69375,-122.04375,-1619.5173
36.69375,-122.03958333333333,-1592.0868
36.69375,-122.03541666666666,-1555.5935
36.69375,-122.03125,-1494.6735
36.69375,-122.02708333333334,-1384.792
36.69375,-122.02291666666667,-1261.9661
36.69375,-122.01875,-1092.7754
36.69375,-122.01458333333333,-890.9106
36.69375,-122.01041666666667,-683.089
36.69375,-122.00625,-519.6531
36.69375,-122.00208333333333,-365.24268
36.69375,-121.99791666666667,-224.99219
36.69375,-121.99375,-136.60307
36.69375,-121.98958333333333,-120.373375
36.69375,-121.98541666666667,-119.14324
36.69375,-121.98125,-114.5473
36.69375,-121.97708333333333,-109.905136
36.69375,-121.97291666666666,-107.61075
36.69375,-121.96875,-105.90801
36.69375,-121.96458333333334,-104.64624
36.69375,-121.96041666666667,-103.513504
36.69375,-121.95625,-101.79715
36.69375,-121.95208333333333,-99.93698
36.69375,-121.94791666666667,-97.73692
36.69375,-121.94375,-93.0409
36.69375,-121.93958333333333,-89.28717
36.69375,-121.93541666666667,-96.47253
36.69375,-121.93125,-97.00151
36.69375,-121.92708333333333,-95.137146
36.69375,-121.92291666666667,-93.62514
36.69375,-121.91875,-92.21963
36.69375,-121.91458333333333,-91.31809
36.69375,-121.91041666666666,-88.13118
36.69375,-121.90625,-85.21431
36.69375,-121.90208333333334,-84.39562
36.69375,-121.89791666666667,-82.77375
36.69375,-121.89375,-81.43147
36.69375,-121.88958333333333,-80.48535
36.69375,-121.88541666666667,-79.892136
36.69375,-121.88125,-79.228516
36.69375,-121.87708333333333,-77.369934
36.69375,-121.87291666666667,-71.53601
36.69375,-121.86875,-68.02536
36.69375,-121.86458333333333,-66.724495
36.69375,-121.86041666666667,-65.889046
36.69375,-121.85625,-63.885216
36.69375,-121.85208333333333,-61.381935
36.69375,-121.84791666666666,-56.146973
36.69375,-121.84375,-49.19384
36.69375,-121.83958333333334,-47.385544
36.69375,-121.83541666666667,-43.2669
36.69375,-121.83125,-32.639015
36.69375,-121.82708333333333,-26.780285
36.69375,-121.82291666666667,-22.488262
36.69375,-121.81875,-19.992432
36.69375,-121.81458333333333,-7.40081
36.69375,-121.81041666666667,13.052558
36.69375,-121.80625,13.580089
36.69375,-121.80208333333333,8.377556
36.69375,-121.79791666666667,13.311645
36.69375,-121.79375,18.7884
36.69375,-121.78958333333333,23.295023
36.69375,-121.78541666666666,23.454712
36.69375,-121.78125,27.916355
36.69375,-121.77708333333334,34.286488
36.69375,-121.77291666666667,33.90333
36.69375,-121.76875,34.804222
36.69375,-121.76458333333333,37.166756
36.69375,-121.76041666666667,40.425335
36.69375,-121.75625,28.207867
36.69375,-121.75208333333333,4.974222
36.69375,-121.74791666666667,6.360889
36.69375,-121.74375,7.1180444
36.69375,-121.73958333333333,7.5382223
36.69375,-121.73541666666667,7.1279554
36.69375,-121.73125,6.414533
36.69375,-121.72708333333333,6.7375555
36.69375,-121.72291666666666,7.5387554
36.69375,-121.71875,8.634444
36.69375,-121.71458333333334,10.015956
36.69375,-121.71041666666667,10.220178
36.69375,-121.70625,10.446844
36.69375,-121.70208333333333,10.6952
36.697916666666664,-122.09791666666666,-1859.2837
36.697916666666664,-122.09375,-1832.3622
36.697916666666664,-122.08958333333334,-1792.5052
36.697916666666664,-122.08541666666667,-1774.1681
36.697916666666664,-122.08125,-1778.0082
36.697916666666664,-122.07708333333333,-1780.9714
36.697916666666664,-122.07291666666667,-1770.0753
36.697916666666664,-122.06875,-1758.0674
36.697916666666664,-122.06458333333333,-1743.298
36.697916666666664,-122.06041666666667,-1710.0596
36.697916666666664,-122.05625,-1666.4445
36.697916666666664,-122.05208333333333,-1617.9614
36.697916666666664,-122.04791666666667,-1585.5646
36.697916666666664,-122.04375,-1566.1577
36.697916666666664,-122.03958333333333,-1571.3796
36.697916666666664,-122.03541666666666,-1576.0616
36.697916666666664,-122.03125,-1573.9865
36.697916666666664,-122.02708333333334,-1558.1808
36.697916666666664,-122.02291666666667,-1483.4104
36.697916666666664,-122.01875,-1331.4336
36.697916666666664,-122.01458333333333,-1153.6564
36.697916666666664,-122.01041666666667,-958.99176
36.697916666666664,-122.00625,-755.1214
36.697916666666664,-122.00208333333333,-549.12933
36.697916666666664,-121.99791666666667,-341.83963
36.697916666666664,-121.99375,-180.918
36.697916666666664,-121.98958333333333,-132.54135
36.697916666666664,-121.98541666666667,-134.291
36.697916666666664,-121.98125,-120.83905
36.697916666666664,-121.97708333333333,-110.5202
36.697916666666664,-121.97291666666666,-108.32712
36.697916666666664,-121.96875,-106.60139
36.697916666666664,-121.96458333333334,-105.25649
36.697916666666664,-121.96041666666667,-103.4683
36.697916666666664,-121.95625,-102.32145
36.697916666666664,-121.95208333333333,-100.60476
36.697916666666664,-121.94791666666667,-99.18552
36.697916666666664,-121.94375,-94.116135
36.697916666666664,-121.93958333333333,-90.81874
36.697916666666664,-121.93541666666667,-96.260765
36.697916666666664,-121.93125,-97.16637
36.697916666666664,-121.92708333333333,-95.93025
36.697916666666664,-121.92291666666667,-94.361374
36.697916666666664,-121.91875,-92.782616
36.697916666666664,-121.91458333333333,-91.61823
36.697916666666664,-121.91041666666666,-90.065506
36.697916666666664,-121.90625,-86.07835
36.697916666666664,-121.90208333333334,-84.46295
36.697916666666664,-121.89791666666667,-83.680565
36.697916666666664,-121.89375,-82.56655
36.697916666666664,-121.88958333333333,-81.05267
36.697916666666664,-121.88541666666667,-79.818214
36.697916666666664,-121.88125,-78.68396
36.697916666666664,-121.87708333333333,-76.61624
36.697916666666664,-121.87291666666667,-72.298096
36.697916666666664,-121.86875,-68.7044
36.697916666666664,-121.86458333333333,-66.88308
36.697916666666664,-121.86041666666667,-65.6405
36.697916666666664,-121.85625,-63.452904
36.697916666666664,-121.85208333333333,-61.002148
36.697916666666664,-121.84791666666666,-56.042862
36.697916666666664,-121.84375,-48.523495
36.697916666666664,-121.83958333333334,-46.81448
36.697916666666664,-121.83541666666667,-43.547318
36.697916666666664,-121.83125,-34.591778
36.697916666666664,-121.82708333333333,-27.076336
36.697916666666664,-121.82291666666667,-22.353634
36.697916666666664,-121.81875,-20.039953
36.697916666666664,-121.81458333333333,-9.719648
36.697916666666664,-121.81041666666667,3.602423
36.697916666666664,-121.80625,11.0212
36.697916666666664,-121.80208333333333,7.7286224
36.697916666666664,-121.79791666666667,9.321956
36.697916666666664,-121.79375,13.494756
36.697916666666664,-121.78958333333333,15.436089
36.697916666666664,-121.78541666666666,21.208979
36.697916666666664,-121.78125,21.299377
36.697916666666664,-121.77708333333334,24.833244
36.697916666666664,-121.77291666666667,29.287333
36.697916666666664,-121.76875,32.206223
36.697916666666664,-121.76458333333333,40.292534
36.697916666666664,-121.76041666666667,44.557156
36.697916666666664,-121.75625,30.237556
36.697916666666664,-121.75208333333333,5.146578
36.697916666666664,-121.74791666666667,5.9052887
36.697916666666664,-121.74375,7.2842665
36.697916666666664,-121.73958333333333,6.9896
36.697916666666664,-121.73541666666667,6.1304445
36.697916666666664,-121.73125,6.4129333
36.697916666666664,-121.72708333333333,7.137467
36.697916666666664,-121.72291666666666,7.858489
36.697916666666664,-121.71875,8.590044
36.697916666666664,-121.71458333333334,9.496667
36.697916666666664,-121.71041666666667,9.698533
36.697916666666664,-121.70625,9.703777
36.697916666666664,-121.70208333333333,9.470178
36.702083333333334,-122.09791666666666,-1854.2789
36.702083333333334,-122.09375,-1843.0773
36.702083333333334,-122.08958333333334,-1831.2185
36.702083333333334,-122.08541666666667,-1818.7123
36.702083333333334,-122.08125,-1801.2322
36.702083333333334,-122.07708333333333,-1780.3739
36.702083333333334,-122.07291666666667,-1745.0765
36.702083333333334,-122.06875,-1676.4028
36.702083333333334,-122.06458333333333,-1632.7942
36.702083333333334,-122.06041666666667,-1561.2567
36.702083333333334,-122.05625,-1529.9429
36.702083333333334,-122.05208333333333,-1460.781
36.702083333333334,-122.04791666666667,-1416.8041
36.702083333333334,-122.04375,-1411.4746
36.702083333333334,-122.03958333333333,-1418.7479
36.702083333333334,-122.03541666666666,-1419.0015
36.702083333333334,-122.03125,-1445.8508
36.702083333333334,-122.02708333333334,-1475.6366
36.702083333333334,-122.02291666666667,-1490.7239
36.702083333333334,-122.01875,-1497.2227
36.702083333333334,-122.01458333333333,-1373.1556
36.702083333333334,-122.01041666666667,-1151.0117
36.702083333333334,-122.00625,-916.13934
36.702083333333334,-122.00208333333333,-663.3897
36.702083333333334,-121.99791666666667,-445.71786
36.702083333333334,-121.99375,-270.42465
36.702083333333334,-121.98958333333333,-196.12796
36.702083333333334,-121.98541666666667,-201.95865
36.702083333333334,-121.98125,-146.77594
36.702083333333334,-121.97708333333333,-117.337036
36.702083333333334,-121.97291666666666,-112.34169
36.702083333333334,-121.96875,-107.444756
36.702083333333334,-121.96458333333334,-105.05566
36.702083333333334,-121.96041666666667,-103.86741
36.702083333333334,-121.95625,-103.06376
36.702083333333334,-121.95208333333333,-101.90456
36.702083333333334,-121.94791666666667,-100.75284
36.702083333333334,-121.94375,-99.53584
36.702083333333334,-121.93958333333333,-98.32625
36.702083333333334,-121.93541666666667,-97.75309
36.702083333333334,-121.93125,-96.94688
36.702083333333334,-121.92708333333333,-96.47024
36.702083333333334,-121.92291666666667,-95.16869
36.702083333333334,-121.91875,-93.607185
36.702083333333334,-121.91458333333333,-91.90669
36.702083333333334,-121.91041666666666,-90.78575
36.702083333333334,-121.90625,-88.2916
36.702083333333334,-121.90208333333334,-85.49467
36.702083333333334,-121.89791666666667,-84.48068
36.702083333333334,-121.89375,-82.98368
36.702083333333334,-121.88958333333333,-81.26145
36.702083333333334,-121.88541666666667,-79.769554
36.702083333333334,-121.88125,-78.39004
36.702083333333334,-121.87708333333333,-76.04302
36.702083333333334,-121.87291666666667,-72.70583
36.702083333333334,-121.86875,-69.80092
36.702083333333334,-121.86458333333333,-66.80597
36.702083333333334,-121.86041666666667,-65.06066
36.702083333333334,-121.85625,-62.650772
36.702083333333334,-121.85208333333333,-60.30715
36.702083333333334,-121.84791666666666,-55.69114
36.702083333333334,-121.84375,-47.801266
36.702083333333334,-121.83958333333334,-46.141575
36.702083333333334,-121.83541666666667,-43.283066
36.702083333333334,-121.83125,-35.140476
36.702083333333334,-121.82708333333333,-27.639618
36.702083333333334,-121.82291666666667,-21.57218
36.702083333333334,-121.81875,-19.868948
36.702083333333334,-121.81458333333333,-11.412129
36.702083333333334,-121.81041666666667,-0.1737764
36.702083333333334,-121.80625,13.750711
36.702083333333334,-121.80208333333333,13.159467
36.702083333333334,-121.79791666666667,10.537556
36.702083333333334,-121.79375,13.239244
36.702083333333334,-121.78958333333333,16.274
36.702083333333334,-121.78541666666666,18.3032
36.702083333333334,-121.78125,22.61231
36.702083333333334,-121.77708333333334,26.480755
36.702083333333334,-121.77291666666667,36.2296
36.702083333333334,-121.76875,41.815113
36.702083333333334,-121.76458333333333,42.5256
36.702083333333334,-121.76041666666667,36.55191
36.702083333333334,-121.75625,24.423466
36.702083333333334,-121.75208333333333,5.999067
36.702083333333334,-121.74791666666667,5.8879113
36.702083333333334,-121.74375,6.6112447
36.702083333333334,-121.73958333333333,5.9873776
36.702083333333334,-121.73541666666667,6.0945334
36.702083333333334,-121.73125,6.8688
36.702083333333334,-121.72708333333333,7.576667
36.702083333333334,-121.72291666666666,8.040755
36.702083333333334,-121.71875,8.3212
36.702083333333334,-121.71458333333334,8.782444
36.702083333333334,-121.71041666666667,9.271645
36.702083333333334,-121.70625,9.140044
36.702083333333334,-121.70208333333333,8.972578
36.70625,-122.09791666666666,-1833.5515
36.70625,-122.09375,-1826.1837
36.70625,-122.08958333333334,-1810.7898
36.70625,-122.08541666666667,-1781.2411
36.70625,-122.08125,-1725.5856
36.70625,-122.07708333333333,-1661.8287
36.70625,-122.07291666666667,-1634.8839
36.70625,-122.06875,-1564.5227
36.70625,-122.06458333333333,-1500.4607
36.70625,-122.06041666666667,-1437.2672
36.70625,-122.05625,-1415.8729
36.70625,-122.05208333333333,-1364.5071
36.70625,-122.04791666666667,-1278.2463
36.70625,-122.04375,-1293.2493
36.70625,-122.03958333333333,-1317.347
36.70625,-122.03541666666666,-1288.1243
36.70625,-122.03125,-1320.6654
36.70625,-122.02708333333334,-1354.5935
36.70625,-122.02291666666667,-1395.1185
36.70625,-122.01875,-1477.1658
36.70625,-122.01458333333333,-1462.2338
36.70625,-122.01041666666667,-1264.4716
36.70625,-122.00625,-1028.8284
36.70625,-122.00208333333333,-832.16254
36.70625,-121.99791666666667,-636.5089
36.70625,-121.99375,-429.0111
36.70625,-121.98958333333333,-324.49005
36.70625,-121.98541666666667,-312.95428
36.70625,-121.98125,-233.60416
36.70625,-121.97708333333333,-171.55273
36.70625,-121.97291666666666,-127.62403
36.70625,-121.96875,-107.40872
36.70625,-121.96458333333334,-104.56173
36.70625,-121.96041666666667,-105.477554
36.70625,-121.95625,-105.322754
36.70625,-121.95208333333333,-103.89146
36.70625,-121.94791666666667,-102.057884
36.70625,-121.94375,-100.77878
36.70625,-121.93958333333333,-100.069176
36.70625,-121.93541666666667,-98.677956
36.70625,-121.93125,-97.3124
36.70625,-121.92708333333333,-96.27979
36.70625,-121.92291666666667,-95.76358
36.70625,-121.91875,-94.1583
36.70625,-121.91458333333333,-92.56678
36.70625,-121.91041666666666,-90.9199
36.70625,-121.90625,-89.730415
36.70625,-121.90208333333334,-88.15699
36.70625,-121.89791666666667,-86.28499
36.70625,-121.89375,-82.609726
36.70625,-121.88958333333333,-80.712456
36.70625,-121.88541666666667,-79.56892
36.70625,-121.88125,-78.38112
36.70625,-121.87708333333333,-75.94661
36.70625,-121.87291666666667,-72.317406
36.70625,-121.86875,-69.6755
36.70625,-121.86458333333333,-66.429054
36.70625,-121.86041666666667,-63.712723
36.70625,-121.85625,-61.780205
36.70625,-121.85208333333333,-59.21951
36.70625,-121.84791666666666,-53.414127
36.70625,-121.84375,-46.020397
36.70625,-121.83958333333334,-44.80282
36.70625,-121.83541666666667,-41.48171
36.70625,-121.83125,-33.8514
36.70625,-121.82708333333333,-26.586756
36.70625,-121.82291666666667,-20.854166
36.70625,-121.81875,-19.221762
36.70625,-121.81458333333333,-13.193035
36.70625,-121.81041666666667,-0.015136089
36.70625,-121.80625,15.222579
36.70625,-121.80208333333333,19.472
36.70625,-121.79791666666667,11.788045
36.70625,-121.79375,8.187022
36.70625,-121.78958333333333,14.210934
36.70625,-121.78541666666666,19.993732
36.70625,-121.78125,25.965023
36.70625,-121.77708333333334,29.790623
36.70625,-121.77291666666667,32.537823
36.70625,-121.76875,33.932354
36.70625,-121.76458333333333,35.918667
36.70625,-121.76041666666667,21.393644
36.70625,-121.75625,21.100088
36.70625,-121.75208333333333,6.6864
36.70625,-121.74791666666667,5.7463555
36.70625,-121.74375,5.9407554
36.70625,-121.73958333333333,5.7226667
36.70625,-121.73541666666667,6.532178
36.70625,-121.73125,7.201689
36.70625,-121.72708333333333,7.487289
36.70625,-121.72291666666666,7.530667
36.70625,-121.71875,8.0864
36.70625,-121.71458333333334,8.583111
36.70625,-121.71041666666667,8.667467
36.70625,-121.70625,9.217378
36.70625,-121.70208333333333,11.430756
36.71041666666667,-122.09791666666666,-1774.1895
36.71041666666667,-122.09375,-1754.0936
36.71041666666667,-122.08958333333334,-1725.1814
36.71041666666667,-122.08541666666667,-1680.8726
36.71041666666667,-122.08125,-1613.7683
36.71041666666667,-122.07708333333333,-1544.3641
36.71041666666667,-122.07291666666667,-1493.0328
36.71041666666667,-122.06875,-1452.852
36.71041666666667,-122.06458333333333,-1418.5936
36.71041666666667,-122.06041666666667,-1362.5929
36.71041666666667,-122.05625,-1310.7875
36.71041666666667,-122.05208333333333,-1270.0596
36.71041666666667,-122.04791666666667,-1182.8853
36.71041666666667,-122.04375,-1175.5532
36.71041666666667,-122.03958333333333,-1200.5137
36.71041666666667,-122.03541666666666,-1192.6172
36.71041666666667,-122.03125,-1217.7386
36.71041666666667,-122.02708333333334,-1252.3207
36.71041666666667,-122.02291666666667,-1311.4364
36.71041666666667,-122.01875,-1385.6051
36.71041666666667,-122.01458333333333,-1459.0425
36.71041666666667,-122.01041666666667,-1382.1338
36.71041666666667,-122.00625,-1184.2191
36.71041666666667,-122.00208333333333,-961.4928
36.71041666666667,-121.99791666666667,-730.33704
36.71041666666667,-121.99375,-546.57806
36.71041666666667,-121.98958333333333,-442.37643
36.71041666666667,-121.98541666666667,-346.78033
36.71041666666667,-121.98125,-264.7196
36.71041666666667,-121.97708333333333,-195.75952
36.71041666666667,-121.97291666666666,-139.089
36.71041666666667,-121.96875,-113.96097
36.71041666666667,-121.96458333333334,-109.93098
36.71041666666667,-121.96041666666667,-108.79078
36.71041666666667,-121.95625,-107.57403
36.71041666666667,-121.95208333333333,-105.312
36.71041666666667,-121.94791666666667,-103.192444
36.71041666666667,-121.94375,-101.99614
36.71041666666667,-121.93958333333333,-100.88122
36.71041666666667,-121.93541666666667,-99.46124
36.71041666666667,-121.93125,-97.95741
36.71041666666667,-121.92708333333333,-96.59217
36.71041666666667,-121.92291666666667,-95.93425
36.71041666666667,-121.91875,-94.8224
36.71041666666667,-121.91458333333333,-93.06399
36.71041666666667,-121.91041666666666,-91.20443
36.71041666666667,-121.90625,-89.610504
36.71041666666667,-121.90208333333334,-88.606895
36.71041666666667,-121.89791666666667,-87.24828
36.71041666666667,-121.89375,-82.58287
36.71041666666667,-121.88958333333333,-79.71392
36.71041666666667,-121.88541666666667,-79.03188
36.71041666666667,-121.88125,-78.21106
36.71041666666667,-121.87708333333333,-75.42807
36.71041666666667,-121.87291666666667,-72.2036
36.71041666666667,-121.86875,-69.216225
36.71041666666667,-121.86458333333333,-66.211075
36.71041666666667,-121.86041666666667,-63.004486
36.71041666666667,-121.85625,-61.032402
36.71041666666667,-121.85208333333333,-57.48199
36.71041666666667,-121.84791666666666,-50.613396
36.71041666666667,-121.84375,-44.104862
36.71041666666667,-121.83958333333334,-41.327892
36.71041666666667,-121.83541666666667,-37.77048
36.71041666666667,-121.83125,-32.280552
36.71041666666667,-121.82708333333333,-24.781343
36.71041666666667,-121.82291666666667,-20.067766
36.71041666666667,-121.81875,-18.434055
36.71041666666667,-121.81458333333333,-14.618423
36.71041666666667,-121.81041666666667,-2.061719
36.71041666666667,-121.80625,9.109231
36.71041666666667,-121.80208333333333,11.046445
36.71041666666667,-121.79791666666667,11.677689
36.71041666666667,-121.79375,14.155689
36.71041666666667,-121.78958333333333,16.482489
36.71041666666667,-121.78541666666666,20.02929
36.71041666666667,-121.78125,21.158577
36.71041666666667,-121.77708333333334,27.668756
36.71041666666667,-121.77291666666667,30.095955
36.71041666666667,-121.76875,28.7052
36.71041666666667,-121.76458333333333,24.792133
36.71041666666667,-121.76041666666667,21.423466
36.71041666666667,-121.75625,13.840712
36.71041666666667,-121.75208333333333,4.943111
36.71041666666667,-121.74791666666667,6.4679556
36.71041666666667,-121.74375,5.348489
36.71041666666667,-121.73958333333333,5.9672446
36.71041666666667,-121.73541666666667,6.708089
36.71041666666667,-121.73125,6.9048
36.71041666666667,-121.72708333333333,6.575289
36.71041666666667,-121.72291666666666,7.0382667
36.71041666666667,-121.71875,7.151689
36.71041666666667,-121.71458333333334,7.674267
36.71041666666667,-121.71041666666667,9.048933
36.71041666666667,-121.70625,10.314445
36.71041666666667,-121.70208333333333,10.579111
36.71458333333334,-122.09791666666666,-1722.8998
36.71458333333334,-122.09375,-1687.5636
36.71458333333334,-122.08958333333334,-1643.5386
36.71458333333334,-122.08541666666667,-1579.1604
36.71458333333334,-122.08125,-1514.5575
36.71458333333334,-122.07708333333333,-1464.0636
36.71458333333334,-122.07291666666667,-1402.3927
36.71458333333334,-122.06875,-1346.5135
36.71458333333334,-122.06458333333333,-1333.107
36.71458333333334,-122.06041666666667,-1301.3275
36.71458333333334,-122.05625,-1219.784
36.71458333333334,-122.05208333333333,-1128.7676
36.71458333333334,-122.04791666666667,-1074.3192
36.71458333333334,-122.04375,-1028.0214
36.71458333333334,-122.03958333333333,-1046.3213
36.71458333333334,-122.03541666666666,-1060.3058
36.71458333333334,-122.03125,-1032.0912
36.71458333333334,-122.02708333333334,-1082.9546
36.71458333333334,-122.02291666666667,-1186.2876
36.71458333333334,-122.01875,-1305.1411
36.71458333333334,-122.01458333333333,-1430.5703
36.71458333333334,-122.01041666666667,-1426.498
36.71458333333334,-122.00625,-1264.1298
36.71458333333334,-122.00208333333333,-1043.5458
36.71458333333334,-121.99791666666667,-839.2621
36.71458333333334,-121.99375,-646.6032
36.71458333333334,-121.98958333333333,-462.26944
36.71458333333334,-121.98541666666667,-313.75854
36.71458333333334,-121.98125,-220.7297
36.71458333333334,-121.97708333333333,-150.4646
36.71458333333334,-121.97291666666666,-125.328354
36.71458333333334,-121.96875,-116.93406
36.71458333333334,-121.96458333333334,-112.63355
36.71458333333334,-121.96041666666667,-110.056755
36.71458333333334,-121.95625,-107.41018
36.71458333333334,-121.95208333333333,-105.37078
36.71458333333334,-121.94791666666667,-104.26054
36.71458333333334,-121.94375,-102.97797
36.71458333333334,-121.93958333333333,-101.37161
36.71458333333334,-121.93541666666667,-99.88661
36.71458333333334,-121.93125,-98.58282
36.71458333333334,-121.92708333333333,-97.171844
36.71458333333334,-121.92291666666667,-96.01678
36.71458333333334,-121.91875,-95.28715
36.71458333333334,-121.91458333333333,-93.56047
36.71458333333334,-121.91041666666666,-91.72885
36.71458333333334,-121.90625,-89.6598
36.71458333333334,-121.90208333333334,-88.31053
36.71458333333334,-121.89791666666667,-87.4488
36.71458333333334,-121.89375,-83.16274
36.71458333333334,-121.88958333333333,-79.597496
36.71458333333334,-121.88541666666667,-78.82709
36.71458333333334,-121.88125,-78.027985
36.71458333333334,-121.87708333333333,-74.83571
36.71458333333334,-121.87291666666667,-71.77841
36.71458333333334,-121.86875,-68.74664
36.71458333333334,-121.86458333333333,-66.49944
36.71458333333334,-121.86041666666667,-62.91704
36.71458333333334,-121.85625,-60.084972
36.71458333333334,-121.85208333333333,-55.96202
36.71458333333334,-121.84791666666666,-49.343307
36.71458333333334,-121.84375,-42.112686
36.71458333333334,-121.83958333333334,-38.39381
36.71458333333334,-121.83541666666667,-34.87191
36.71458333333334,-121.83125,-30.083275
36.71458333333334,-121.82708333333333,-23.085772
36.71458333333334,-121.82291666666667,-19.844408
36.71458333333334,-121.81875,-18.01146
36.71458333333334,-121.81458333333333,-15.50847
36.71458333333334,-121.81041666666667,-3.877383
36.71458333333334,-121.80625,5.4009495
36.71458333333334,-121.80208333333333,11.990311
36.71458333333334,-121.79791666666667,5.2117777
36.71458333333334,-121.79375,14.169422
36.71458333333334,-121.78958333333333,20.081066
36.71458333333334,-121.78541666666666,23.310934
36.71458333333334,-121.78125,21.429422
36.71458333333334,-121.77708333333334,24.312933
36.71458333333334,-121.77291666666667,28.294178
36.71458333333334,-121.76875,18.968977
36.71458333333334,-121.76458333333333,14.465911
36.71458333333334,-121.76041666666667,9.798178
36.71458333333334,-121.75625,5.4156
36.71458333333334,-121.75208333333333,6.317867
36.71458333333334,-121.74791666666667,6.134089
36.71458333333334,-121.74375,4.890622
36.71458333333334,-121.73958333333333,5.763867
36.71458333333334,-121.73541666666667,6.6235113
36.71458333333334,-121.73125,6.5920887
36.71458333333334,-121.72708333333333,6.756489
36.71458333333334,-121.72291666666666,6.8578224
36.71458333333334,-121.71875,7.1973333
36.71458333333334,-121.71458333333334,7.662089
36.71458333333334,-121.71041666666667,7.3375554
36.71458333333334,-121.70625,9.563111
36.71458333333334,-121.70208333333333,13.412133
36.71875,-122.09791666666666,-1652.928
36.71875,-122.09375,-1604.4291
36.71875,-122.08958333333334,-1572.4889
36.71875,-122.08541666666667,-1538.8959
36.71875,-122.08125,-1487.9633
36.71875,-122.07708333333333,-1443.4746
36.71875,-122.07291666666667,-1392.1825
36.71875,-122.06875,-1302.2161
36.71875,-122.06458333333333,-1257.4363
36.71875,-122.06041666666667,-1230.0374
36.71875,-122.05625,-1178.218
36.71875,-122.05208333333333,-1080.2334
36.71875,-122.04791666666667,-961.3086
36.71875,-122.04375,-896.84827
36.71875,-122.03958333333333,-886.62744
36.71875,-122.03541666666666,-882.44196
36.71875,-122.03125,-874.2653
36.71875,-122.02708333333334,-923.2638
36.71875,-122.02291666666667,-1090.5199
36.71875,-122.01875,-1282.3424
36.71875,-122.01458333333333,-1423.1636
36.71875,-122.01041666666667,-1425.2568
36.71875,-122.00625,-1322.3777
36.71875,-122.00208333333333,-1100.2974
36.71875,-121.99791666666667,-871.4436
36.71875,-121.99375,-624.3107
36.71875,-121.98958333333333,-457.0591
36.71875,-121.98541666666667,-360.08435
36.71875,-121.98125,-274.9998
36.71875,-121.97708333333333,-189.05377
36.71875,-121.97291666666666,-135.2119
36.71875,-121.96875,-117.377045
36.71875,-121.96458333333334,-111.15136
36.71875,-121.96041666666667,-107.84275
36.71875,-121.95625,-106.07792
36.71875,-121.95208333333333,-105.384544
36.71875,-121.94791666666667,-104.92903
36.71875,-121.94375,-103.79459
36.71875,-121.93958333333333,-102.03703
36.71875,-121.93541666666667,-100.575516
36.71875,-121.93125,-99.1582
36.71875,-121.92708333333333,-97.60513
36.71875,-121.92291666666667,-96.25527
36.71875,-121.91875,-95.20132
36.71875,-121.91458333333333,-94.14665
36.71875,-121.91041666666666,-92.19162
36.71875,-121.90625,-90.32925
36.71875,-121.90208333333334,-88.33186
36.71875,-121.89791666666667,-87.24888
36.71875,-121.89375,-83.69423
36.71875,-121.88958333333333,-79.315674
36.71875,-121.88541666666667,-78.59653
36.71875,-121.88125,-77.739075
36.71875,-121.87708333333333,-75.33329
36.71875,-121.87291666666667,-71.81155
36.71875,-121.86875,-68.02491
36.71875,-121.86458333333333,-66.375435
36.71875,-121.86041666666667,-62.82418
36.71875,-121.85625,-59.057198
36.71875,-121.85208333333333,-54.250843
36.71875,-121.84791666666666,-48.113426
36.71875,-121.84375,-39.449677
36.71875,-121.83958333333334,-37.18002
36.71875,-121.83541666666667,-33.110996
36.71875,-121.83125,-28.898214
36.71875,-121.82708333333333,-22.359549
36.71875,-121.82291666666667,-19.763077
36.71875,-121.81875,-16.990795
36.71875,-121.81458333333333,-15.360225
36.71875,-121.81041666666667,-4.9334817
36.71875,-121.80625,9.22539
36.71875,-121.80208333333333,17.123423
36.71875,-121.79791666666667,6.457778
36.71875,-121.79375,4.592578
36.71875,-121.78958333333333,13.368533
36.71875,-121.78541666666666,23.826666
36.71875,-121.78125,20.750534
36.71875,-121.77708333333334,21.320578
36.71875,-121.77291666666667,14.585556
36.71875,-121.76875,4.3121333
36.71875,-121.76458333333333,4.348311
36.71875,-121.76041666666667,4.997911
36.71875,-121.75625,5.6281333
36.71875,-121.75208333333333,5.0611553
36.71875,-121.74791666666667,4.7581778
36.71875,-121.74375,5.2504
36.71875,-121.73958333333333,5.869911
36.71875,-121.73541666666667,6.5261335
36.71875,-121.73125,6.426889
36.71875,-121.72708333333333,5.7428
36.71875,-121.72291666666666,7.023689
36.71875,-121.71875,7.543689
36.71875,-121.71458333333334,8.638489
36.71875,-121.71041666666667,13.314
36.71875,-121.70625,10.373244
36.71875,-121.70208333333333,11.631511
36.72291666666666,-122.09791666666666,-1589.9866
36.72291666666666,-122.09375,-1541.9241
36.72291666666666,-122.08958333333334,-1498.4818
36.72291666666666,-122.08541666666667,-1464.5759
36.72291666666666,-122.08125,-1435.289
36.72291666666666,-122.07708333333333,-1404.7872
36.72291666666666,-122.07291666666667,-1358.9177
36.72291666666666,-122.06875,-1273.1884
36.72291666666666,-122.06458333333333,-1172.8455
36.72291666666666,-122.06041666666667,-1108.3975
36.72291666666666,-122.05625,-1056.6447
36.72291666666666,-122.05208333333333,-1032.4601
36.72291666666666,-122.04791666666667,-891.10504
36.72291666666666,-122.04375,-810.26587
36.72291666666666,-122.03958333333333,-795.6656
36.72291666666666,-122.03541666666666,-804.81195
36.72291666666666,-122.03125,-835.63586
36.72291666666666,-122.02708333333334,-904.2237
36.72291666666666,-122.02291666666667,-1044.1367
36.72291666666666,-122.01875,-1235.3281
36.72291666666666,-122.01458333333333,-1385.7997
36.72291666666666,-122.01041666666667,-1386.0969
36.72291666666666,-122.00625,-1299.6459
36.72291666666666,-122.00208333333333,-1074.3322
36.72291666666666,-121.99791666666667,-833.1809
36.72291666666666,-121.99375,-664.3997
36.72291666666666,-121.98958333333333,-556.1029
36.72291666666666,-121.98541666666667,-448.9517
36.72291666666666,-121.98125,-351.2282
36.72291666666666,-121.97708333333333,-273.23843
36.72291666666666,-121.97291666666666,-196.4432
36.72291666666666,-121.96875,-131.46428
36.72291666666666,-121.96458333333334,-110.215355
36.72291666666666,-121.96041666666667,-105.84198
36.72291666666666,-121.95625,-105.41315
36.72291666666666,-121.95208333333333,-106.3154
36.72291666666666,-121.94791666666667,-105.70794
36.72291666666666,-121.94375,-104.306366
36.72291666666666,-121.93958333333333,-102.88298
36.72291666666666,-121.93541666666667,-101.14429
36.72291666666666,-121.93125,-99.64636
36.72291666666666,-121.92708333333333,-98.14802
36.72291666666666,-121.92291666666667,-96.570564
36.72291666666666,-121.91875,-95.21301
36.72291666666666,-121.91458333333333,-94.25687
36.72291666666666,-121.91041666666666,-92.84056
36.72291666666666,-121.90625,-90.94543
36.72291666666666,-121.90208333333334,-88.8637
36.72291666666666,-121.89791666666667,-86.998
36.72291666666666,-121.89375,-84.92083
36.72291666666666,-121.88958333333333,-79.96178
36.72291666666666,-121.88541666666667,-78.01666
36.72291666666666,-121.88125,-76.9877
36.72291666666666,-121.87708333333333,-75.28715
36.72291666666666,-121.87291666666667,-72.43688
36.72291666666666,-121.86875,-68.12206
36.72291666666666,-121.86458333333333,-66.2016
36.72291666666666,-121.86041666666667,-62.367893
36.72291666666666,-121.85625,-57.27575
36.72291666666666,-121.85208333333333,-52.392647
36.72291666666666,-121.84791666666666,-45.408966
36.72291666666666,-121.84375,-37.4475
36.72291666666666,-121.83958333333334,-35.960472
36.72291666666666,-121.83541666666667,-32.402237
36.72291666666666,-121.83125,-27.917099
36.72291666666666,-121.82708333333333,-21.614052
36.72291666666666,-121.82291666666667,-18.617872
36.72291666666666,-121.81875,-16.002878
36.72291666666666,-121.81458333333333,-14.368885
36.72291666666666,-121.81041666666667,-4.784043
36.72291666666666,-121.80625,9.732991
36.72291666666666,-121.80208333333333,16.360756
36.72291666666666,-121.79791666666667,5.305333
36.72291666666666,-121.79375,2.9598668
36.72291666666666,-121.78958333333333,6.3058667
36.72291666666666,-121.78541666666666,14.768534
36.72291666666666,-121.78125,11.113511
36.72291666666666,-121.77708333333334,8.712
36.72291666666666,-121.77291666666667,4.3478665
36.72291666666666,-121.76875,3.3162222
36.72291666666666,-121.76458333333333,3.7875555
36.72291666666666,-121.76041666666667,4.728667
36.72291666666666,-121.75625,4.7454224
36.72291666666666,-121.75208333333333,5.0006666
36.72291666666666,-121.74791666666667,5.2276
36.72291666666666,-121.74375,5.5846667
36.72291666666666,-121.73958333333333,5.999422
36.72291666666666,-121.73541666666667,6.3198223
36.72291666666666,-121.73125,6.0823555
36.72291666666666,-121.72708333333333,7.256533
36.72291666666666,-121.72291666666666,6.6792445
36.72291666666666,-121.71875,8.193556
36.72291666666666,-121.71458333333334,8.237866
36.72291666666666,-121.71041666666667,8.518355
36.72291666666666,-121.70625,9.277467
36.72291666666666,-121.70208333333333,15.721111
36.72708333333333,-122.09791666666666,-1518.7323
36.72708333333333,-122.09375,-1490.9912
36.72708333333333,-122.08958333333334,-1457.3248
36.72708333333333,-122.08541666666667,-1441.9736
36.72708333333333,-122.08125,-1402.9268
36.72708333333333,-122.07708333333333,-1357.463
36.72708333333333,-122.07291666666667,-1313.4147
36.72708333333333,-122.06875,-1247.0719
36.72708333333333,-122.06458333333333,-1121.0669
36.72708333333333,-122.06041666666667,-1022.79285
36.72708333333333,-122.05625,-945.0276
36.72708333333333,-122.05208333333333,-873.9342
36.72708333333333,-122.04791666666667,-778.70026
36.72708333333333,-122.04375,-738.15533
36.72708333333333,-122.03958333333333,-749.5155
36.72708333333333,-122.03541666666666,-785.1655
36.72708333333333,-122.03125,-870.38544
36.72708333333333,-122.02708333333334,-970.38794
36.72708333333333,-122.02291666666667,-1061.5863
36.72708333333333,-122.01875,-1227.6107
36.72708333333333,-122.01458333333333,-1301.0059
36.72708333333333,-122.01041666666667,-1252.2975
36.72708333333333,-122.00625,-1246.7638
36.72708333333333,-122.00208333333333,-1072.3524
36.72708333333333,-121.99791666666667,-832.0757
36.72708333333333,-121.99375,-703.644
36.72708333333333,-121.98958333333333,-607.2323
36.72708333333333,-121.98541666666667,-492.8949
36.72708333333333,-121.98125,-402.97787
36.72708333333333,-121.97708333333333,-314.68027
36.72708333333333,-121.97291666666666,-214.29399
36.72708333333333,-121.96875,-133.71713
36.72708333333333,-121.96458333333334,-113.33809
36.72708333333333,-121.96041666666667,-108.25054
36.72708333333333,-121.95625,-107.81068
36.72708333333333,-121.95208333333333,-107.979935
36.72708333333333,-121.94791666666667,-106.388145
36.72708333333333,-121.94375,-104.87037
36.72708333333333,-121.93958333333333,-103.34688
36.72708333333333,-121.93541666666667,-101.64615
36.72708333333333,-121.93125,-99.94699
36.72708333333333,-121.92708333333333,-98.55518
36.72708333333333,-121.92291666666667,-97.131294
36.72708333333333,-121.91875,-95.44671
36.72708333333333,-121.91458333333333,-94.11295
36.72708333333333,-121.91041666666666,-93.193886
36.72708333333333,-121.90625,-91.3693
36.72708333333333,-121.90208333333334,-89.415924
36.72708333333333,-121.89791666666667,-87.18749
36.72708333333333,-121.89375,-85.5589
36.72708333333333,-121.88958333333333,-82.794914
36.72708333333333,-121.88541666666667,-78.23504
36.72708333333333,-121.88125,-76.370544
36.72708333333333,-121.87708333333333,-74.35068
36.72708333333333,-121.87291666666667,-72.03175
36.72708333333333,-121.86875,-68.39417
36.72708333333333,-121.86458333333333,-66.35436
36.72708333333333,-121.86041666666667,-61.339363
36.72708333333333,-121.85625,-56.092182
36.72708333333333,-121.85208333333333,-51.813858
36.72708333333333,-121.84791666666666,-43.81548
36.72708333333333,-121.84375,-36.87968
36.72708333333333,-121.83958333333334,-34.369595
36.72708333333333,-121.83541666666667,-31.513634
36.72708333333333,-121.83125,-27.07007
36.72708333333333,-121.82708333333333,-20.807608
36.72708333333333,-121.82291666666667,-16.965937
36.72708333333333,-121.81875,-15.092094
36.72708333333333,-121.81458333333333,-13.651451
36.72708333333333,-121.81041666666667,-4.3924346
36.72708333333333,-121.80625,7.9677143
36.72708333333333,-121.80208333333333,12.799067
36.72708333333333,-121.79791666666667,8.273911
36.72708333333333,-121.79375,2.9608889
36.72708333333333,-121.78958333333333,4.9163113
36.72708333333333,-121.78541666666666,8.223778
36.72708333333333,-121.78125,7.6331553
36.72708333333333,-121.77708333333334,3.0339556
36.72708333333333,-121.77291666666667,3.1156888
36.72708333333333,-121.76875,2.8584888
36.72708333333333,-121.76458333333333,3.3411999
36.72708333333333,-121.76041666666667,4.5124
36.72708333333333,-121.75625,4.7074223
36.72708333333333,-121.75208333333333,5.351333
36.72708333333333,-121.74791666666667,5.466489
36.72708333333333,-121.74375,5.6710224
36.72708333333333,-121.73958333333333,5.5094223
36.72708333333333,-121.73541666666667,5.3970666
36.72708333333333,-121.73125,5.915911
36.72708333333333,-121.72708333333333,8.429822
36.72708333333333,-121.72291666666666,9.0222225
36.72708333333333,-121.71875,6.489689
36.72708333333333,-121.71458333333334,5.253556
36.72708333333333,-121.71041666666667,5.4570665
36.72708333333333,-121.70625,6.2506666
36.72708333333333,-121.70208333333333,5.240622
36.73125,-122.09791666666666,-1441.2677
36.73125,-122.09375,-1455.8522
36.73125,-122.08958333333334,-1427.634
36.73125,-122.08541666666667,-1366.4359
36.73125,-122.08125,-1350.4886
36.73125,-122.07708333333333,-1299.5687
36.73125,-122.07291666666667,-1210.8746
36.73125,-122.06875,-1150.1602
36.73125,-122.06458333333333,-1103.5044
36.73125,-122.06041666666667,-989.3685
36.73125,-122.05625,-865.3695
36.73125,-122.05208333333333,-767.32776
36.73125,-122.04791666666667,-694.3484
36.73125,-122.04375,-676.9149
36.73125,-122.03958333333333,-707.7172
36.73125,-122.03541666666666,-800.6074
36.73125,-122.03125,-943.3263
36.73125,-122.02708333333334,-1069.6637
36.73125,-122.02291666666667,-1200.7633
36.73125,-122.01875,-1303.5121
36.73125,-122.01458333333333,-1279.3889
36.73125,-122.01041666666667,-1186.5454
36.73125,-122.00625,-1087.7296
36.73125,-122.00208333333333,-956.51776
36.73125,-121.99791666666667,-777.8633
36.73125,-121.99375,-689.7047
36.73125,-121.98958333333333,-615.61707
36.73125,-121.98541666666667,-513.6429
36.73125,-121.98125,-412.60062
36.73125,-121.97708333333333,-298.5486
36.73125,-121.97291666666666,-178.3897
36.73125,-121.96875,-123.02926
36.73125,-121.96458333333334,-114.92308
36.73125,-121.96041666666667,-111.63977
36.73125,-121.95625,-110.19846
36.73125,-121.95208333333333,-108.53539
36.73125,-121.94791666666667,-106.7061
36.73125,-121.94375,-105.0337
36.73125,-121.93958333333333,-103.628815
36.73125,-121.93541666666667,-102.131355
36.73125,-121.93125,-100.24844
36.73125,-121.92708333333333,-98.913475
36.73125,-121.92291666666667,-97.57078
36.73125,-121.91875,-95.8947
36.73125,-121.91458333333333,-94.20587
36.73125,-121.91041666666666,-92.965164
36.73125,-121.90625,-91.78738
36.73125,-121.90208333333334,-89.79385
36.73125,-121.89791666666667,-87.78091
36.73125,-121.89375,-85.6587
36.73125,-121.88958333333333,-83.94
36.73125,-121.88541666666667,-80.66916
36.73125,-121.88125,-76.8838
36.73125,-121.87708333333333,-73.91811
36.73125,-121.87291666666667,-71.43904
36.73125,-121.86875,-68.36077
36.73125,-121.86458333333333,-66.4655
36.73125,-121.86041666666667,-60.526726
36.73125,-121.85625,-56.412575
36.73125,-121.85208333333333,-52.615864
36.73125,-121.84791666666666,-42.943184
36.73125,-121.84375,-37.26907
36.73125,-121.83958333333334,-34.100006
36.73125,-121.83541666666667,-30.671581
36.73125,-121.83125,-24.12161
36.73125,-121.82708333333333,-19.210613
36.73125,-121.82291666666667,-15.644987
36.73125,-121.81875,-14.7145605
36.73125,-121.81458333333333,-12.627372
36.73125,-121.81041666666667,-3.9022925
36.73125,-121.80625,2.8517005
36.73125,-121.80208333333333,10.471422
36.73125,-121.79791666666667,2.9424443
36.73125,-121.79375,3.0460443
36.73125,-121.78958333333333,3.6552
36.73125,-121.78541666666666,3.8004
36.73125,-121.78125,3.5651555
36.73125,-121.77708333333334,2.7596445
36.73125,-121.77291666666667,3.0192888
36.73125,-121.76875,3.4124444
36.73125,-121.76458333333333,4.194267
36.73125,-121.76041666666667,4.2042665
36.73125,-121.75625,4.9241333
36.73125,-121.75208333333333,5.124889
36.73125,-121.74791666666667,5.252044
36.73125,-121.74375,5.366711
36.73125,-121.73958333333333,4.6966667
36.73125,-121.73541666666667,4.670889
36.73125,-121.73125,4.8480887
36.73125,-121.72708333333333,6.6050224
36.73125,-121.72291666666666,4.8082666
36.73125,-121.71875,4.389911
36.73125,-121.71458333333334,6.7116446
36.73125,-121.71041666666667,10.709644
36.73125,-121.70625,10.017555
36.73125,-121.70208333333333,14.963467
36.735416666666666,-122.09791666666666,-1382.7848
36.735416666666666,-122.09375,-1371.6216
36.735416666666666,-122.08958333333334,-1385.422
36.735416666666666,-122.08541666666667,-1324.9874
36.735416666666666,-122.08125,-1260.9263
36.735416666666666,-122.07708333333333,-1224.1206
36.735416666666666,-122.07291666666667,-1149.8987
36.735416666666666,-122.06875,-1037.9412
36.735416666666666,-122.06458333333333,-966.5912
36.735416666666666,-122.06041666666667,-959.8799
36.735416666666666,-122.05625,-838.08905
36.735416666666666,-122.05208333333333,-720.20667
36.735416666666666,-122.04791666666667,-659.5799
36.735416666666666,-122.04375,-645.2809
36.735416666666666,-122.03958333333333,-703.1384
36.735416666666666,-122.03541666666666,-830.1463
36.735416666666666,-122.03125,-959.9419
36.735416666666666,-122.02708333333334,-1067.7589
36.735416666666666,-122.02291666666667,-1163.8052
36.735416666666666,-122.01875,-1253.5715
36.735416666666666,-122.01458333333333,-1280.9885
36.735416666666666,-122.01041666666667,-1148.2084
36.735416666666666,-122.00625,-959.59894
36.735416666666666,-122.00208333333333,-838.0644
36.735416666666666,-121.99791666666667,-745.05084
36.735416666666666,-121.99375,-665.0936
36.735416666666666,-121.98958333333333,-604.81165
36.735416666666666,-121.98541666666667,-523.3094
36.735416666666666,-121.98125,-411.60007
36.735416666666666,-121.97708333333333,-291.02255
36.735416666666666,-121.97291666666666,-183.02841
36.735416666666666,-121.96875,-132.17091
36.735416666666666,-121.96458333333334,-116.01043
36.735416666666666,-121.96041666666667,-111.192406
36.735416666666666,-121.95625,-109.71548
36.735416666666666,-121.95208333333333,-108.18944
36.735416666666666,-121.94791666666667,-106.60891
36.735416666666666,-121.94375,-105.01886
36.735416666666666,-121.93958333333333,-103.55534
36.735416666666666,-121.93541666666667,-102.30518
36.735416666666666,-121.93125,-100.607346
36.735416666666666,-121.92708333333333,-98.967766
36.735416666666666,-121.92291666666667,-97.88603
36.735416666666666,-121.91875,-96.328575
36.735416666666666,-121.91458333333333,-94.345894
36.735416666666666,-121.91041666666666,-92.74304
36.735416666666666,-121.90625,-91.698296
36.735416666666666,-121.90208333333334,-90.268135
36.735416666666666,-121.89791666666667,-88.36144
36.735416666666666,-121.89375,-86.257645
36.735416666666666,-121.88958333333333,-84.11303
36.735416666666666,-121.88541666666667,-82.50963
36.735416666666666,-121.88125,-79.26973
36.735416666666666,-121.87708333333333,-73.845566
36.735416666666666,-121.87291666666667,-70.98841
36.735416666666666,-121.86875,-68.67397
36.735416666666666,-121.86458333333333,-66.49027
36.735416666666666,-121.86041666666667,-60.59461
36.735416666666666,-121.85625,-56.842567
36.735416666666666,-121.85208333333333,-52.581604
36.735416666666666,-121.84791666666666,-42.009926
36.735416666666666,-121.84375,-37.453644
36.735416666666666,-121.83958333333334,-33.25094
36.735416666666666,-121.83541666666667,-28.982002
36.735416666666666,-121.83125,-21.266817
36.735416666666666,-121.82708333333333,-17.650427
36.735416666666666,-121.82291666666667,-14.981625
36.735416666666666,-121.81875,-13.314657
36.735416666666666,-121.81458333333333,-11.259625
36.735416666666666,-121.81041666666667,-4.2124248
36.735416666666666,-121.80625,0.9394567
36.735416666666666,-121.80208333333333,2.8605332
36.735416666666666,-121.79791666666667,2.0723555
36.735416666666666,-121.79375,2.8637736
36.735416666666666,-121.78958333333333,0.81505626
36.735416666666666,-121.78541666666666,2.2026668
36.735416666666666,-121.78125,3.4840446
36.735416666666666,-121.77708333333334,3.4550667
36.735416666666666,-121.77291666666667,3.7986221
36.735416666666666,-121.76875,3.9059112
36.735416666666666,-121.76458333333333,3.8966222
36.735416666666666,-121.76041666666667,4.460933
36.735416666666666,-121.75625,4.822889
36.735416666666666,-121.75208333333333,4.990089
36.735416666666666,-121.74791666666667,5.0000443
36.735416666666666,-121.74375,5.026311
36.735416666666666,-121.73958333333333,4.355111
36.735416666666666,-121.73541666666667,4.6021333
36.735416666666666,-121.73125,3.662489
36.735416666666666,-121.72708333333333,3.4831111
36.735416666666666,-121.72291666666666,3.8445332
36.735416666666666,-121.71875,9.1707115
36.735416666666666,-121.71458333333334,11.091511
36.735416666666666,-121.71041666666667,14.385734
36.735416666666666,-121.70625,15.292755
36.735416666666666,-121.70208333333333,12.838711
36.739583333333336,-122.09791666666666,-1338.9159
36.739583333333336,-122.09375,-1289.3193
36.739583333333336,-122.08958333333334,-1277.0323
36.739583333333336,-122.08541666666667,-1259.3738
36.739583333333336,-122.08125,-1218.9926
36.739583333333336,-122.07708333333333,-1161.1062
36.739583333333336,-122.07291666666667,-1081.1951
36.739583333333336,-122.06875,-974.20465
36.739583333333336,-122.06458333333333,-856.8487
36.739583333333336,-122.06041666666667,-854.72174
36.739583333333336,-122.05625,-786.30676
36.739583333333336,-122.05208333333333,-699.8589
36.739583333333336,-122.04791666666667,-640.0527
36.739583333333336,-122.04375,-642.4964
36.739583333333336,-122.03958333333333,-717.4081
36.739583333333336,-122.03541666666666,-832.63556
36.739583333333336,-122.03125,-955.12006
36.739583333333336,-122.02708333333334,-1052.467
36.739583333333336,-122.02291666666667,-1154.8531
36.739583333333336,-122.01875,-1252.0101
36.739583333333336,-122.01458333333333,-1235.8693
36.739583333333336,-122.01041666666667,-1087.2638
36.739583333333336,-122.00625,-970.84174
36.739583333333336,-122.00208333333333,-877.40485
36.739583333333336,-121.99791666666667,-790.2307
36.739583333333336,-121.99375,-721.57495
36.739583333333336,-121.98958333333333,-639.5811
36.739583333333336,-121.98541666666667,-553.81085
36.739583333333336,-121.98125,-441.7578
36.739583333333336,-121.97708333333333,-335.24612
36.739583333333336,-121.97291666666666,-252.27034
36.739583333333336,-121.96875,-172.82271
36.739583333333336,-121.96458333333334,-124.78904
36.739583333333336,-121.96041666666667,-111.58944
36.739583333333336,-121.95625,-108.94941
36.739583333333336,-121.95208333333333,-108.30681
36.739583333333336,-121.94791666666667,-106.79507
36.739583333333336,-121.94375,-105.24688
36.739583333333336,-121.93958333333333,-103.63411
36.739583333333336,-121.93541666666667,-102.586815
36.739583333333336,-121.93125,-100.72959
36.739583333333336,-121.92708333333333,-99.241455
36.739583333333336,-121.92291666666667,-98.063965
36.739583333333336,-121.91875,-96.42043
36.739583333333336,-121.91458333333333,-94.605545
36.739583333333336,-121.91041666666666,-92.82192
36.739583333333336,-121.90625,-91.55792
36.739583333333336,-121.90208333333334,-90.7059
36.739583333333336,-121.89791666666667,-89.08006
36.739583333333336,-121.89375,-87.21984
36.739583333333336,-121.88958333333333,-84.78964
36.739583333333336,-121.88541666666667,-83.481316
36.739583333333336,-121.88125,-81.429115
36.739583333333336,-121.87708333333333,-75.24466
36.739583333333336,-121.87291666666667,-71.43845
36.739583333333336,-121.86875,-69.40834
36.739583333333336,-121.86458333333333,-67.10218
36.739583333333336,-121.86041666666667,-61.807117
36.739583333333336,-121.85625,-57.583893
36.739583333333336,-121.85208333333333,-52.427177
36.739583333333336,-121.84791666666666,-41.322063
36.739583333333336,-121.84375,-37.644485
36.739583333333336,-121.83958333333334,-33.61146
36.739583333333336,-121.83541666666667,-26.369036
36.739583333333336,-121.83125,-19.813782
36.739583333333336,-121.82708333333333,-16.72869
36.739583333333336,-121.82291666666667,-14.629452
36.739583333333336,-121.81875,-12.254982
36.739583333333336,-121.81458333333333,-10.875676
36.739583333333336,-121.81041666666667,-4.920211
36.739583333333336,-121.80625,-0.08812844
36.739583333333336,-121.80208333333333,1.6004
36.739583333333336,-121.79791666666667,1.3544579
36.739583333333336,-121.79375,1.2266667
36.739583333333336,-121.78958333333333,1.961982
36.739583333333336,-121.78541666666666,3.330489
36.739583333333336,-121.78125,3.3670666
36.739583333333336,-121.77708333333334,3.1973333
36.739583333333336,-121.77291666666667,3.3494666
36.739583333333336,-121.76875,3.7258222
36.739583333333336,-121.76458333333333,4.0450225
36.739583333333336,-121.76041666666667,4.3224
36.739583333333336,-121.75625,4.534178
36.739583333333336,-121.75208333333333,4.5792446
36.739583333333336,-121.74791666666667,4.336222
36.739583333333336,-121.74375,4.4655113
36.739583333333336,-121.73958333333333,4.298978
36.739583333333336,-121.73541666666667,5.8524
36.739583333333336,-121.73125,5.052178
36.739583333333336,-121.72708333333333,2.9519112
36.739583333333336,-121.72291666666666,2.1265333
36.739583333333336,-121.71875,9.619245
36.739583333333336,-121.71458333333334,8.921066
36.739583333333336,-121.71041666666667,6.8075113
36.739583333333336,-121.70625,3.5773332
36.739583333333336,-121.70208333333333,14.084267
36.74375,-122.09791666666666,-1342.0338
36.74375,-122.09375,-1247.6019
36.74375,-122.08958333333334,-1194.5525
36.74375,-122.08541666666667,-1165.9456
36.74375,-122.08125,-1123.8584
36.74375,-122.07708333333333,-1093.8408
36.74375,-122.07291666666667,-1026.7799
36.74375,-122.06875,-928.22546
36.74375,-122.06458333333333,-785.4452
36.74375,-122.06041666666667,-751.42883
36.74375,-122.05625,-717.1467
36.74375,-122.05208333333333,-673.43225
36.74375,-122.04791666666667,-635.90594
36.74375,-122.04375,-680.3451
36.74375,-122.03958333333333,-785.7203
36.74375,-122.03541666666666,-922.98346
36.74375,-122.03125,-1057.4883
36.74375,-122.02708333333334,-1154.4879
36.74375,-122.02291666666667,-1224.7134
36.74375,-122.01875,-1218.9467
36.74375,-122.01458333333333,-1155.3583
36.74375,-122.01041666666667,-1065.2999
36.74375,-122.00625,-969.57513
36.74375,-122.00208333333333,-878.1805
36.74375,-121.99791666666667,-800.59247
36.74375,-121.99375,-716.3486
36.74375,-121.98958333333333,-617.78687
36.74375,-121.98541666666667,-531.8109
36.74375,-121.98125,-443.04022
36.74375,-121.97708333333333,-365.62366
36.74375,-121.97291666666666,-283.6621
36.74375,-121.96875,-195.62772
36.74375,-121.96458333333334,-132.23935
36.74375,-121.96041666666667,-115.540306
36.74375,-121.95625,-109.571655
36.74375,-121.95208333333333,-108.30812
36.74375,-121.94791666666667,-106.94463
36.74375,-121.94375,-105.12347
36.74375,-121.93958333333333,-103.88253
36.74375,-121.93541666666667,-102.61838
36.74375,-121.93125,-101.24308
36.74375,-121.92708333333333,-100.04159
36.74375,-121.92291666666667,-98.38593
36.74375,-121.91875,-96.594154
36.74375,-121.91458333333333,-94.907486
36.74375,-121.91041666666666,-93.29853
36.74375,-121.90625,-91.92226
36.74375,-121.90208333333334,-90.94571
36.74375,-121.89791666666667,-89.96474
36.74375,-121.89375,-88.22698
36.74375,-121.88958333333333,-86.34216
36.74375,-121.88541666666667,-84.78513
36.74375,-121.88125,-83.01615
36.74375,-121.87708333333333,-78.30944
36.74375,-121.87291666666667,-72.81958
36.74375,-121.86875,-70.15334
36.74375,-121.86458333333333,-67.26198
36.74375,-121.86041666666667,-63.03476
36.74375,-121.85625,-58.344772
36.74375,-121.85208333333333,-51.286224
36.74375,-121.84791666666666,-41.276318
36.74375,-121.84375,-38.065807
36.74375,-121.83958333333334,-33.73315
36.74375,-121.83541666666667,-24.953655
36.74375,-121.83125,-19.51665
36.74375,-121.82708333333333,-16.96734
36.74375,-121.82291666666667,-14.464876
36.74375,-121.81875,-11.929566
36.74375,-121.81458333333333,-10.744569
36.74375,-121.81041666666667,-5.2056694
36.74375,-121.80625,-0.6036499
36.74375,-121.80208333333333,1.6367816
36.74375,-121.79791666666667,0.58438754
36.74375,-121.79375,1.9448
36.74375,-121.78958333333333,2.3796444
36.74375,-121.78541666666666,2.8231556
36.74375,-121.78125,2.8044446
36.74375,-121.77708333333334,2.6762223
36.74375,-121.77291666666667,4.0396442
36.74375,-121.76875,4.0808444
36.74375,-121.76458333333333,3.8566666
36.74375,-121.76041666666667,4.0789332
36.74375,-121.75625,3.9595556
36.74375,-121.75208333333333,3.8977778
36.74375,-121.74791666666667,3.837111
36.74375,-121.74375,3.7504
36.74375,-121.73958333333333,5.0984445
36.74375,-121.73541666666667,4.9677334
36.74375,-121.73125,4.858489
36.74375,-121.72708333333333,10.8836
36.74375,-121.72291666666666,5.2040806
36.74375,-121.71875,1.0595555
36.74375,-121.71458333333334,3.2326221
36.74375,-121.71041666666667,5.9864
36.74375,-121.70625,5.419289
36.74375,-121.70208333333333,5.2598653
36.74791666666667,-122.09791666666666,-1366.9839
36.74791666666667,-122.09375,-1267.4298
36.74791666666667,-122.08958333333334,-1175.5409
36.74791666666667,-122.08541666666667,-1088.4227
36.74791666666667,-122.08125,-1007.65436
36.74791666666667,-122.07708333333333,-949.5522
36.74791666666667,-122.07291666666667,-884.8347
36.74791666666667,-122.06875,-795.39746
36.74791666666667,-122.06458333333333,-710.0906
36.74791666666667,-122.06041666666667,-653.6306
36.74791666666667,-122.05625,-633.74036
36.74791666666667,-122.05208333333333,-637.90485
36.74791666666667,-122.04791666666667,-684.82275
36.74791666666667,-122.04375,-773.6258
36.74791666666667,-122.03958333333333,-883.9705
36.74791666666667,-122.03541666666666,-1045.8707
36.74791666666667,-122.03125,-1157.0443
36.74791666666667,-122.02708333333334,-1216.4147
36.74791666666667,-122.02291666666667,-1196.4426
36.74791666666667,-122.01875,-1094.9911
36.74791666666667,-122.01458333333333,-1058.1675
36.74791666666667,-122.01041666666667,-1026.4089
36.74791666666667,-122.00625,-950.3338
36.74791666666667,-122.00208333333333,-877.69965
36.74791666666667,-121.99791666666667,-803.9548
36.74791666666667,-121.99375,-711.2643
36.74791666666667,-121.98958333333333,-619.5737
36.74791666666667,-121.98541666666667,-533.6841
36.74791666666667,-121.98125,-500.16293
36.74791666666667,-121.97708333333333,-464.93045
36.74791666666667,-121.97291666666666,-375.58328
36.74791666666667,-121.96875,-250.3614
36.74791666666667,-121.96458333333334,-150.8072
36.74791666666667,-121.96041666666667,-118.007515
36.74791666666667,-121.95625,-111.01047
36.74791666666667,-121.95208333333333,-108.104546
36.74791666666667,-121.94791666666667,-106.435074
36.74791666666667,-121.94375,-104.529495
36.74791666666667,-121.93958333333333,-103.85389
36.74791666666667,-121.93541666666667,-102.84847
36.74791666666667,-121.93125,-101.88326
36.74791666666667,-121.92708333333333,-100.66036
36.74791666666667,-121.92291666666667,-99.0659
36.74791666666667,-121.91875,-97.11323
36.74791666666667,-121.91458333333333,-95.66062
36.74791666666667,-121.91041666666666,-94.250885
36.74791666666667,-121.90625,-92.72248
36.74791666666667,-121.90208333333334,-91.62684
36.74791666666667,-121.89791666666667,-90.61463
36.74791666666667,-121.89375,-89.05544
36.74791666666667,-121.88958333333333,-87.09552
36.74791666666667,-121.88541666666667,-85.05091
36.74791666666667,-121.88125,-82.722725
36.74791666666667,-121.87708333333333,-81.1445
36.74791666666667,-121.87291666666667,-76.17822
36.74791666666667,-121.86875,-70.893654
36.74791666666667,-121.86458333333333,-67.008255
36.74791666666667,-121.86041666666667,-64.06241
36.74791666666667,-121.85625,-59.148193
36.74791666666667,-121.85208333333333,-50.611942
36.74791666666667,-121.84791666666666,-42.701427
36.74791666666667,-121.84375,-38.822075
36.74791666666667,-121.83958333333334,-32.676975
36.74791666666667,-121.83541666666667,-23.852726
36.74791666666667,-121.83125,-20.112947
36.74791666666667,-121.82708333333333,-18.158865
36.74791666666667,-121.82291666666667,-14.769603
36.74791666666667,-121.81875,-11.691476
36.74791666666667,-121.81458333333333,-10.389289
36.74791666666667,-121.81041666666667,-6.103369
36.74791666666667,-121.80625,-1.2468305
36.74791666666667,-121.80208333333333,1.1118724
36.74791666666667,-121.79791666666667,3.523769
36.74791666666667,-121.79375,2.4780445
36.74791666666667,-121.78958333333333,2.6620889
36.74791666666667,-121.78541666666666,2.4657779
36.74791666666667,-121.78125,2.4269779
36.74791666666667,-121.77708333333334,2.7070668
36.74791666666667,-121.77291666666667,3.9767556
36.74791666666667,-121.76875,3.8514223
36.74791666666667,-121.76458333333333,3.3948889
36.74791666666667,-121.76041666666667,3.4955556
36.74791666666667,-121.75625,3.2596445
36.74791666666667,-121.75208333333333,3.6932888
36.74791666666667,-121.74791666666667,3.6266222
36.74791666666667,-121.74375,3.0068445
36.74791666666667,-121.73958333333333,2.8089333
36.74791666666667,-121.73541666666667,1.7365333
36.74791666666667,-121.73125,2.7705333
36.74791666666667,-121.72708333333333,11.504845
36.74791666666667,-121.72291666666666,12.528889
36.74791666666667,-121.71875,14.7873335
36.74791666666667,-121.71458333333334,16.7496
36.74791666666667,-121.71041666666667,14.824577
36.74791666666667,-121.70625,15.043289
36.74791666666667,-121.70208333333333,14.732978
36.75208333333333,-122.09791666666666,-1332.8639
36.75208333333333,-122.09375,-1293.6841
36.75208333333333,-122.08958333333334,-1215.7208
36.75208333333333,-122.08541666666667,-1145.7987
36.75208333333333,-122.08125,-1071.2428
36.75208333333333,-122.07708333333333,-979.4979
36.75208333333333,-122.07291666666667,-872.6992
36.75208333333333,-122.06875,-782.35156
36.75208333333333,-122.06458333333333,-709.56384
36.75208333333333,-122.06041666666667,-638.8728
36.75208333333333,-122.05625,-585.38165
36.75208333333333,-122.05208333333333,-589.24994
36.75208333333333,-122.04791666666667,-703.3357
36.75208333333333,-122.04375,-848.1843
36.75208333333333,-122.03958333333333,-970.9196
36.75208333333333,-122.03541666666666,-1104.6792
36.75208333333333,-122.03125,-1199.4786
36.75208333333333,-122.02708333333334,-1188.9524
36.75208333333333,-122.02291666666667,-1083.0149
36.75208333333333,-122.01875,-987.6627
36.75208333333333,-122.01458333333333,-931.8134
36.75208333333333,-122.01041666666667,-911.6148
36.75208333333333,-122.00625,-867.98267
36.75208333333333,-122.00208333333333,-817.27014
36.75208333333333,-121.99791666666667,-751.50037
36.75208333333333,-121.99375,-680.24634
36.75208333333333,-121.98958333333333,-603.88763
36.75208333333333,-121.98541666666667,-572.3636
36.75208333333333,-121.98125,-617.74805
36.75208333333333,-121.97708333333333,-595.5638
36.75208333333333,-121.97291666666666,-530.3433
36.75208333333333,-121.96875,-373.59006
36.75208333333333,-121.96458333333334,-260.0479
36.75208333333333,-121.96041666666667,-187.43517
36.75208333333333,-121.95625,-121.970764
36.75208333333333,-121.95208333333333,-107.19486
36.75208333333333,-121.94791666666667,-105.6015
36.75208333333333,-121.94375,-103.95353
36.75208333333333,-121.93958333333333,-104.72758
36.75208333333333,-121.93541666666667,-103.573555
36.75208333333333,-121.93125,-101.44928
36.75208333333333,-121.92708333333333,-100.65429
36.75208333333333,-121.92291666666667,-99.87937
36.75208333333333,-121.91875,-98.40462
36.75208333333333,-121.91458333333333,-96.67028
36.75208333333333,-121.91041666666666,-95.55647
36.75208333333333,-121.90625,-95.30121
36.75208333333333,-121.90208333333334,-95.304634
36.75208333333333,-121.89791666666667,-92.271164
36.75208333333333,-121.89375,-90.02971
36.75208333333333,-121.88958333333333,-88.05509
36.75208333333333,-121.88541666666667,-85.81596
36.75208333333333,-121.88125,-83.31721
36.75208333333333,-121.87708333333333,-82.23293
36.75208333333333,-121.87291666666667,-79.51071
36.75208333333333,-121.86875,-74.301544
36.75208333333333,-121.86458333333333,-67.57776
36.75208333333333,-121.86041666666667,-64.765175
36.75208333333333,-121.85625,-60.810535
36.75208333333333,-121.85208333333333,-51.241104
36.75208333333333,-121.84791666666666,-44.12003
36.75208333333333,-121.84375,-40.574917
36.75208333333333,-121.83958333333334,-32.177387
36.75208333333333,-121.83541666666667,-23.593529
36.75208333333333,-121.83125,-20.500872
36.75208333333333,-121.82708333333333,-19.072346
36.75208333333333,-121.82291666666667,-15.182864
36.75208333333333,-121.81875,-11.649824
36.75208333333333,-121.81458333333333,-10.188061
36.75208333333333,-121.81041666666667,-7.6560245
36.75208333333333,-121.80625,-0.21181093
36.75208333333333,-121.80208333333333,2.7083511
36.75208333333333,-121.79791666666667,2.6713777
36.75208333333333,-121.79375,2.9592445
36.75208333333333,-121.78958333333333,3.1428444
36.75208333333333,-121.78541666666666,3.0954666
36.75208333333333,-121.78125,3.0328
36.75208333333333,-121.77708333333334,3.2473333
36.75208333333333,-121.77291666666667,3.2501779
36.75208333333333,-121.76875,3.6038666
36.75208333333333,-121.76458333333333,4.239689
36.75208333333333,-121.76041666666667,3.2951999
36.75208333333333,-121.75625,3.1854668
36.75208333333333,-121.75208333333333,3.0629778
36.75208333333333,-121.74791666666667,3.6666667
36.75208333333333,-121.74375,3.8393333
36.75208333333333,-121.73958333333333,4.8269777
36.75208333333333,-121.73541666666667,2.2401779
36.75208333333333,-121.73125,1.0430223
36.75208333333333,-121.72708333333333,1.1176682
36.75208333333333,-121.72291666666666,3.9928572
36.75208333333333,-121.71875,6.7686667
36.75208333333333,-121.71458333333334,6.6290665
36.75208333333333,-121.71041666666667,8.030625
36.75208333333333,-121.70625,9.288356
36.75208333333333,-121.70208333333333,7.5100446
36.75625,-122.09791666666666,-1275.369
36.75625,-122.09375,-1266.7297
36.75625,-122.08958333333334,-1182.9712
36.75625,-122.08541666666667,-1118.9274
36.75625,-122.08125,-1100.1971
36.75625,-122.07708333333333,-1064.5486
36.75625,-122.07291666666667,-983.70337
36.75625,-122.06875,-893.4078
36.75625,-122.06458333333333,-793.55225
36.75625,-122.06041666666667,-727.48553
36.75625,-122.05625,-667.0654
36.75625,-122.05208333333333,-617.93616
36.75625,-122.04791666666667,-711.36816
36.75625,-122.04375,-879.7274
36.75625,-122.03958333333333,-1024.5826
36.75625,-122.03541666666666,-1141.5803
36.75625,-122.03125,-1175.668
36.75625,-122.02708333333334,-1106.3583
36.75625,-122.02291666666667,-1000.53723
36.75625,-122.01875,-915.3314
36.75625,-122.01458333333333,-850.2412
36.75625,-122.01041666666667,-804.48755
36.75625,-122.00625,-782.10876
36.75625,-122.00208333333333,-745.21265
36.75625,-121.99791666666667,-698.6461
36.75625,-121.99375,-650.8561
36.75625,-121.98958333333333,-602.20276
36.75625,-121.98541666666667,-660.8426
36.75625,-121.98125,-740.3092
36.75625,-121.97708333333333,-748.9982
36.75625,-121.97291666666666,-681.30664
36.75625,-121.96875,-532.285
36.75625,-121.96458333333334,-411.702
36.75625,-121.96041666666667,-316.94293
36.75625,-121.95625,-200.91959
36.75625,-121.95208333333333,-133.28664
36.75625,-121.94791666666667,-109.14891
36.75625,-121.94375,-109.166824
36.75625,-121.93958333333333,-111.423
36.75625,-121.93541666666667,-102.53534
36.75625,-121.93125,-97.73412
36.75625,-121.92708333333333,-103.411835
36.75625,-121.92291666666667,-111.58794
36.75625,-121.91875,-109.12582
36.75625,-121.91458333333333,-99.7996
36.75625,-121.91041666666666,-98.95197
36.75625,-121.90625,-117.88819
36.75625,-121.90208333333334,-128.27386
36.75625,-121.89791666666667,-99.54499
36.75625,-121.89375,-89.879776
36.75625,-121.88958333333333,-87.9911
36.75625,-121.88541666666667,-86.548706
36.75625,-121.88125,-84.253685
36.75625,-121.87708333333333,-82.081924
36.75625,-121.87291666666667,-79.916794
36.75625,-121.86875,-77.52199
36.75625,-121.86458333333333,-71.303505
36.75625,-121.86041666666667,-65.57733
36.75625,-121.85625,-62.564304
36.75625,-121.85208333333333,-54.251926
36.75625,-121.84791666666666,-45.56937
36.75625,-121.84375,-42.66618
36.75625,-121.83958333333334,-33.934464
36.75625,-121.83541666666667,-24.410477
36.75625,-121.83125,-21.147568
36.75625,-121.82708333333333,-19.71637
36.75625,-121.82291666666667,-15.735548
36.75625,-121.81875,-12.739944
36.75625,-121.81458333333333,-10.58415
36.75625,-121.81041666666667,-9.279879
36.75625,-121.80625,-3.03463
36.75625,-121.80208333333333,3.4575863
36.75625,-121.79791666666667,2.8391554
36.75625,-121.79375,2.8714223
36.75625,-121.78958333333333,2.7748
36.75625,-121.78541666666666,2.8585334
36.75625,-121.78125,3.096489
36.75625,-121.77708333333334,3.0589778
36.75625,-121.77291666666667,2.9870667
36.75625,-121.76875,3.1308444
36.75625,-121.76458333333333,3.5940888
36.75625,-121.76041666666667,3.3010666
36.75625,-121.75625,2.937911
36.75625,-121.75208333333333,3.0976
36.75625,-121.74791666666667,5.8048887
36.75625,-121.74375,6.9436445
36.75625,-121.73958333333333,9.916223
36.75625,-121.73541666666667,10.346133
36.75625,-121.73125,11.340622
36.75625,-121.72708333333333,1.0087388
36.75625,-121.72291666666666,1.5408889
36.75625,-121.71875,-0.8057333
36.75625,-121.71458333333334,9.19
36.75625,-121.71041666666667,4.199689
36.75625,-121.70625,0.20493335
36.75625,-121.70208333333333,5.278978
36.760416666666664,-122.09791666666666,-1216.1831
36.760416666666664,-122.09375,-1243.2751
36.760416666666664,-122.08958333333334,-1172.7656
36.760416666666664,-122.08541666666667,-1065.6445
36.760416666666664,-122.08125,-994.36
36.760416666666664,-122.07708333333333,-982.4876
36.760416666666664,-122.07291666666667,-970.2458
36.760416666666664,-122.06875,-938.5607
36.760416666666664,-122.06458333333333,-858.239
36.760416666666664,-122.06041666666667,-763.3543
36.760416666666664,-122.05625,-674.39575
36.760416666666664,-122.05208333333333,-603.7383
36.760416666666664,-122.04791666666667,-716.41833
36.760416666666664,-122.04375,-948.1946
36.760416666666664,-122.03958333333333,-1109.2234
36.760416666666664,-122.03541666666666,-1154.0549
36.760416666666664,-122.03125,-1060.8901
36.760416666666664,-122.02708333333334,-998.8322
36.760416666666664,-122.02291666666667,-935.3192
36.760416666666664,-122.01875,-853.04156
36.760416666666664,-122.01458333333333,-788.9882
36.760416666666664,-122.01041666666667,-736.5731
36.760416666666664,-122.00625,-708.90564
36.760416666666664,-122.00208333333333,-700.4956
36.760416666666664,-121.99791666666667,-687.2801
36.760416666666664,-121.99375,-644.7413
36.760416666666664,-121.98958333333333,-654.61523
36.760416666666664,-121.98541666666667,-800.0897
36.760416666666664,-121.98125,-854.2299
36.760416666666664,-121.97708333333333,-845.63367
36.760416666666664,-121.97291666666666,-822.06445
36.760416666666664,-121.96875,-740.3168
36.760416666666664,-121.96458333333334,-594.35156
36.760416666666664,-121.96041666666667,-455.13538
36.760416666666664,-121.95625,-348.63348
36.760416666666664,-121.95208333333333,-229.57262
36.760416666666664,-121.94791666666667,-157.14877
36.760416666666664,-121.94375,-155.8403
36.760416666666664,-121.93958333333333,-169.44934
36.760416666666664,-121.93541666666667,-154.11124
36.760416666666664,-121.93125,-126.156746
36.760416666666664,-121.92708333333333,-179.96149
36.760416666666664,-121.92291666666667,-209.88687
36.760416666666664,-121.91875,-185.32945
36.760416666666664,-121.91458333333333,-150.58722
36.760416666666664,-121.91041666666666,-126.10993
36.760416666666664,-121.90625,-188.39528
36.760416666666664,-121.90208333333334,-225.23451
36.760416666666664,-121.89791666666667,-183.45029
36.760416666666664,-121.89375,-141.4919
36.760416666666664,-121.88958333333333,-132.86075
36.760416666666664,-121.88541666666667,-114.32467
36.760416666666664,-121.88125,-87.347336
36.760416666666664,-121.87708333333333,-82.45141
36.760416666666664,-121.87291666666667,-80.432724
36.760416666666664,-121.86875,-77.320244
36.760416666666664,-121.86458333333333,-73.43545
36.760416666666664,-121.86041666666667,-66.79899
36.760416666666664,-121.85625,-63.12264
36.760416666666664,-121.85208333333333,-56.82151
36.760416666666664,-121.84791666666666,-48.382305
36.760416666666664,-121.84375,-43.902313
36.760416666666664,-121.83958333333334,-36.499237
36.760416666666664,-121.83541666666667,-26.589321
36.760416666666664,-121.83125,-22.26442
36.760416666666664,-121.82708333333333,-20.437086
36.760416666666664,-121.82291666666667,-16.444319
36.760416666666664,-121.81875,-13.597656
36.760416666666664,-121.81458333333333,-10.9565115
36.760416666666664,-121.81041666666667,-10.249899
36.760416666666664,-121.80625,-4.9676447
36.760416666666664,-121.80208333333333,2.109406
36.760416666666664,-121.79791666666667,3.8790667
36.760416666666664,-121.79375,2.2448888
36.760416666666664,-121.78958333333333,2.1700444
36.760416666666664,-121.78541666666666,2.5619555
36.760416666666664,-121.78125,2.6999555
36.760416666666664,-121.77708333333334,2.7329333
36.760416666666664,-121.77291666666667,2.7259111
36.760416666666664,-121.76875,2.8328888
36.760416666666664,-121.76458333333333,3.0056443
36.760416666666664,-121.76041666666667,2.6765332
36.760416666666664,-121.75625,2.7706223
36.760416666666664,-121.75208333333333,5.6957335
36.760416666666664,-121.74791666666667,6.803822
36.760416666666664,-121.74375,7.525244
36.760416666666664,-121.73958333333333,11.432222
36.760416666666664,-121.73541666666667,18.033733
36.760416666666664,-121.73125,19.643244
36.760416666666664,-121.72708333333333,6.6650667
36.760416666666664,-121.72291666666666,10.712889
36.760416666666664,-121.71875,-1.0959556
36.760416666666664,-121.71458333333334,-1.3955555
36.760416666666664,-121.71041666666667,-0.45524445
36.760416666666664,-121.70625,6.2188444
36.760416666666664,-121.70208333333333,8.265778
36.764583333333334,-122.09791666666666,-1127.7314
36.764583333333334,-122.09375,-1170.3662
36.764583333333334,-122.08958333333334,-1154.1427
36.764583333333334,-122.08541666666667,-1084.5823
36.764583333333334,-122.08125,-978.85364
36.764583333333334,-122.07708333333333,-909.2956
36.764583333333334,-122.07291666666667,-880.1154
36.764583333333334,-122.06875,-864.87683
36.764583333333334,-122.06458333333333,-836.9144
36.764583333333334,-122.06041666666667,-757.5715
36.764583333333334,-122.05625,-683.0542
36.764583333333334,-122.05208333333333,-615.2833
36.764583333333334,-122.04791666666667,-671.90283
36.764583333333334,-122.04375,-924.07764
36.764583333333334,-122.03958333333333,-1123.5107
36.764583333333334,-122.03541666666666,-1083.1742
36.764583333333334,-122.03125,-955.2896
36.764583333333334,-122.02708333333334,-912.0453
36.764583333333334,-122.02291666666667,-870.4568
36.764583333333334,-122.01875,-797.1394
36.764583333333334,-122.01458333333333,-731.2334
36.764583333333334,-122.01041666666667,-689.20984
36.764583333333334,-122.00625,-660.65137
36.764583333333334,-122.00208333333333,-659.5942
36.764583333333334,-121.99791666666667,-659.2616
36.764583333333334,-121.99375,-637.05585
36.764583333333334,-121.98958333333333,-762.3649
36.764583333333334,-121.98541666666667,-884.1673
36.764583333333334,-121.98125,-828.4044
36.764583333333334,-121.97708333333333,-766.9536
36.764583333333334,-121.97291666666666,-807.88306
36.764583333333334,-121.96875,-817.4315
36.764583333333334,-121.96458333333334,-727.7199
36.764583333333334,-121.96041666666667,-591.72034
36.764583333333334,-121.95625,-463.65103
36.764583333333334,-121.95208333333333,-325.2105
36.764583333333334,-121.94791666666667,-263.23358
36.764583333333334,-121.94375,-256.08038
36.764583333333334,-121.93958333333333,-275.88605
36.764583333333334,-121.93541666666667,-278.64355
36.764583333333334,-121.93125,-251.19211
36.764583333333334,-121.92708333333333,-297.6008
36.764583333333334,-121.92291666666667,-338.0954
36.764583333333334,-121.91875,-314.23502
36.764583333333334,-121.91458333333333,-285.27118
36.764583333333334,-121.91041666666666,-240.84743
36.764583333333334,-121.90625,-270.1939
36.764583333333334,-121.90208333333334,-290.0499
36.764583333333334,-121.89791666666667,-266.71664
36.764583333333334,-121.89375,-235.96254
36.764583333333334,-121.88958333333333,-218.70609
36.764583333333334,-121.88541666666667,-190.16525
36.764583333333334,-121.88125,-140.73386
36.764583333333334,-121.87708333333333,-100.68925
36.764583333333334,-121.87291666666667,-84.39195
36.764583333333334,-121.86875,-79.05294
36.764583333333334,-121.86458333333333,-74.11041
36.764583333333334,-121.86041666666667,-69.017
36.764583333333334,-121.85625,-63.6431
36.764583333333334,-121.85208333333333,-58.44776
36.764583333333334,-121.84791666666666,-51.69501
36.764583333333334,-121.84375,-45.151028
36.764583333333334,-121.83958333333334,-38.9595
36.764583333333334,-121.83541666666667,-29.926928
36.764583333333334,-121.83125,-24.471916
36.764583333333334,-121.82708333333333,-21.582235
36.764583333333334,-121.82291666666667,-17.009672
36.764583333333334,-121.81875,-14.402647
36.764583333333334,-121.81458333333333,-11.655342
36.764583333333334,-121.81041666666667,-10.945202
36.764583333333334,-121.80625,-6.7864437
36.764583333333334,-121.80208333333333,-0.042273548
36.764583333333334,-121.79791666666667,6.048
36.764583333333334,-121.79375,1.9965777
36.764583333333334,-121.78958333333333,2.252711
36.764583333333334,-121.78541666666666,2.3060443
36.764583333333334,-121.78125,2.3233333
36.764583333333334,-121.77708333333334,2.3323112
36.764583333333334,-121.77291666666667,2.5652444
36.764583333333334,-121.76875,2.5452445
36.764583333333334,-121.76458333333333,2.608089
36.764583333333334,-121.76041666666667,2.3390222
36.764583333333334,-121.75625,4.5492444
36.764583333333334,-121.75208333333333,6.772311
36.764583333333334,-121.74791666666667,5.994978
36.764583333333334,-121.74375,6.5006223
36.764583333333334,-121.73958333333333,14.772711
36.764583333333334,-121.73541666666667,18.653555
36.764583333333334,-121.73125,17.431156
36.764583333333334,-121.72708333333333,13.523467
36.764583333333334,-121.72291666666666,14.836534
36.764583333333334,-121.71875,11.5668
36.764583333333334,-121.71458333333334,8.252666
36.764583333333334,-121.71041666666667,12.0988
36.764583333333334,-121.70625,11.074223
36.764583333333334,-121.70208333333333,6.0527554
36.76875,-122.09791666666666,-1046.2095
36.76875,-122.09375,-1075.3627
36.76875,-122.08958333333334,-1100.9331
36.76875,-122.08541666666667,-1074.7853
36.76875,-122.08125,-964.59143
36.76875,-122.07708333333333,-861.7303
36.76875,-122.07291666666667,-787.586
36.76875,-122.06875,-747.73395
36.76875,-122.06458333333333,-742.6031
36.76875,-122.06041666666667,-681.4964
36.76875,-122.05625,-635.24866
36.76875,-122.05208333333333,-584.75507
36.76875,-122.04791666666667,-661.7474
36.76875,-122.04375,-910.79034
36.76875,-122.03958333333333,-1111.2905
36.76875,-122.03541666666666,-1057.0546
36.76875,-122.03125,-917.892
36.76875,-122.02708333333334,-852.38153
36.76875,-122.02291666666667,-844.73364
36.76875,-122.01875,-794.39026
36.76875,-122.01458333333333,-741.02606
36.76875,-122.01041666666667,-710.8718
36.76875,-122.00625,-676.7334
36.76875,-122.00208333333333,-659.43866
36.76875,-121.99791666666667,-674.8914
36.76875,-121.99375,-701.35913
36.76875,-121.98958333333333,-826.2463
36.76875,-121.98541666666667,-888.87933
36.76875,-121.98125,-785.4844
36.76875,-121.97708333333333,-699.1566
36.76875,-121.97291666666666,-708.6074
36.76875,-121.96875,-778.8096
36.76875,-121.96458333333334,-795.4539
36.76875,-121.96041666666667,-696.14734
36.76875,-121.95625,-577.3759
36.76875,-121.95208333333333,-442.16785
36.76875,-121.94791666666667,-384.58737
36.76875,-121.94375,-373.41696
36.76875,-121.93958333333333,-392.31818
36.76875,-121.93541666666667,-369.60434
36.76875,-121.93125,-352.18805
36.76875,-121.92708333333333,-368.6844
36.76875,-121.92291666666667,-405.2927
36.76875,-121.91875,-397.55267
36.76875,-121.91458333333333,-383.50256
36.76875,-121.91041666666666,-369.05032
36.76875,-121.90625,-351.40173
36.76875,-121.90208333333334,-346.3695
36.76875,-121.89791666666667,-313.29645
36.76875,-121.89375,-272.30792
36.76875,-121.88958333333333,-245.91646
36.76875,-121.88541666666667,-219.03275
36.76875,-121.88125,-183.78531
36.76875,-121.87708333333333,-129.25395
36.76875,-121.87291666666667,-93.449844
36.76875,-121.86875,-83.93797
36.76875,-121.86458333333333,-77.03417
36.76875,-121.86041666666667,-71.20566
36.76875,-121.85625,-65.75801
36.76875,-121.85208333333333,-60.452362
36.76875,-121.84791666666666,-54.134403
36.76875,-121.84375,-46.691193
36.76875,-121.83958333333334,-40.543682
36.76875,-121.83541666666667,-34.519184
36.76875,-121.83125,-29.414127
36.76875,-121.82708333333333,-23.357166
36.76875,-121.82291666666667,-18.657467
36.76875,-121.81875,-15.396129
36.76875,-121.81458333333333,-12.9056225
36.76875,-121.81041666666667,-11.578625
36.76875,-121.80625,-8.643304
36.76875,-121.80208333333333,-1.69273
36.76875,-121.79791666666667,7.3908215
36.76875,-121.79375,2.5896888
36.76875,-121.78958333333333,2.1314666
36.76875,-121.78541666666666,1.775799
36.76875,-121.78125,2.019486
36.76875,-121.77708333333334,2.0068808
36.76875,-121.77291666666667,2.113846
36.76875,-121.76875,2.1857212
36.76875,-121.76458333333333,2.6663182
36.76875,-121.76041666666667,2.931378
36.76875,-121.75625,4.3268
36.76875,-121.75208333333333,5.3778667
36.76875,-121.74791666666667,2.5968888
36.76875,-121.74375,6.0933776
36.76875,-121.73958333333333,11.8544445
36.76875,-121.73541666666667,15.514133
36.76875,-121.73125,14.75129
36.76875,-121.72708333333333,12.902355
36.76875,-121.72291666666666,21.797777
36.76875,-121.71875,18.777334
36.76875,-121.71458333333334,18.125288
36.76875,-121.71041666666667,24.2388
36.76875,-121.70625,22.635511
36.76875,-121.70208333333333,15.9544
36.77291666666667,-122.09791666666666,-953.0137
36.77291666666667,-122.09375,-950.19025
36.77291666666667,-122.08958333333334,-996.1411
36.77291666666667,-122.08541666666667,-1032.7732
36.77291666666667,-122.08125,-983.6944
36.77291666666667,-122.07708333333333,-834.4734
36.77291666666667,-122.07291666666667,-718.2507
36.77291666666667,-122.06875,-644.88947
36.77291666666667,-122.06458333333333,-627.6967
36.77291666666667,-122.06041666666667,-597.56433
36.77291666666667,-122.05625,-535.5824
36.77291666666667,-122.05208333333333,-511.48087
36.77291666666667,-122.04791666666667,-660.0358
36.77291666666667,-122.04375,-881.8902
36.77291666666667,-122.03958333333333,-1071.5704
36.77291666666667,-122.03541666666666,-1080.434
36.77291666666667,-122.03125,-961.906
36.77291666666667,-122.02708333333334,-900.42865
36.77291666666667,-122.02291666666667,-891.90765
36.77291666666667,-122.01875,-895.98413
36.77291666666667,-122.01458333333333,-862.2873
36.77291666666667,-122.01041666666667,-845.19464
36.77291666666667,-122.00625,-816.60803
36.77291666666667,-122.00208333333333,-821.6312
36.77291666666667,-121.99791666666667,-866.7017
36.77291666666667,-121.99375,-886.4156
36.77291666666667,-121.98958333333333,-911.1488
36.77291666666667,-121.98541666666667,-899.68085
36.77291666666667,-121.98125,-787.18085
36.77291666666667,-121.97708333333333,-673.945
36.77291666666667,-121.97291666666666,-629.35754
36.77291666666667,-121.96875,-689.531
36.77291666666667,-121.96458333333334,-767.9713
36.77291666666667,-121.96041666666667,-766.4269
36.77291666666667,-121.95625,-668.7766
36.77291666666667,-121.95208333333333,-558.6568
36.77291666666667,-121.94791666666667,-501.89752
36.77291666666667,-121.94375,-479.497
36.77291666666667,-121.93958333333333,-482.067
36.77291666666667,-121.93541666666667,-454.1161
36.77291666666667,-121.93125,-425.9838
36.77291666666667,-121.92708333333333,-427.1178
36.77291666666667,-121.92291666666667,-444.2018
36.77291666666667,-121.91875,-449.14703
36.77291666666667,-121.91458333333333,-462.431
36.77291666666667,-121.91041666666666,-509.09967
36.77291666666667,-121.90625,-529.65076
36.77291666666667,-121.90208333333334,-534.9824
36.77291666666667,-121.89791666666667,-480.70065
36.77291666666667,-121.89375,-342.7035
36.77291666666667,-121.88958333333333,-250.54613
36.77291666666667,-121.88541666666667,-209.86525
36.77291666666667,-121.88125,-166.82526
36.77291666666667,-121.87708333333333,-117.580635
36.77291666666667,-121.87291666666667,-95.35301
36.77291666666667,-121.86875,-86.694565
36.77291666666667,-121.86458333333333,-79.83337
36.77291666666667,-121.86041666666667,-73.570274
36.77291666666667,-121.85625,-67.81758
36.77291666666667,-121.85208333333333,-62.55963
36.77291666666667,-121.84791666666666,-56.954098
36.77291666666667,-121.84375,-49.234844
36.77291666666667,-121.83958333333334,-44.524597
36.77291666666667,-121.83541666666667,-39.447487
36.77291666666667,-121.83125,-32.67667
36.77291666666667,-121.82708333333333,-25.504847
36.77291666666667,-121.82291666666667,-20.878077
36.77291666666667,-121.81875,-17.66616
36.77291666666667,-121.81458333333333,-14.826626
36.77291666666667,-121.81041666666667,-13.154368
36.77291666666667,-121.80625,-9.841924
36.77291666666667,-121.80208333333333,-3.1274874
36.77291666666667,-121.79791666666667,7.3467345
36.77291666666667,-121.79375,5.495911
36.77291666666667,-121.78958333333333,1.5649276
36.77291666666667,-121.78541666666666,1.7583654
36.77291666666667,-121.78125,1.7827556
36.77291666666667,-121.77708333333334,1.5701896
36.77291666666667,-121.77291666666667,2.1679556
36.77291666666667,-121.76875,3.1489334
36.77291666666667,-121.76458333333333,2.751111
36.77291666666667,-121.76041666666667,2.6197777
36.77291666666667,-121.75625,1.3016592
36.77291666666667,-121.75208333333333,2.116278
36.77291666666667,-121.74791666666667,5.150089
36.77291666666667,-121.74375,7.572533
36.77291666666667,-121.73958333333333,12.274044
36.77291666666667,-121.73541666666667,11.474267
36.77291666666667,-121.73125,8.373755
36.77291666666667,-121.72708333333333,13.695644
36.77291666666667,-121.72291666666666,23.637777
36.77291666666667,-121.71875,23.011555
36.77291666666667,-121.71458333333334,28.34689
36.77291666666667,-121.71041666666667,27.772179
36.77291666666667,-121.70625,31.538666
36.77291666666667,-121.70208333333333,23.622444
36.77708333333334,-122.09791666666666,-855.9011
36.77708333333334,-122.09375,-817.8042
36.77708333333334,-122.08958333333334,-873.26715
36.77708333333334,-122.08541666666667,-932.12646
36.77708333333334,-122.08125,-967.0032
36.77708333333334,-122.07708333333333,-902.6672
36.77708333333334,-122.07291666666667,-750.3226
36.77708333333334,-122.06875,-591.8394
36.77708333333334,-122.06458333333333,-537.759
36.77708333333334,-122.06041666666667,-518.81976
36.77708333333334,-122.05625,-438.07178
36.77708333333334,-122.05208333333333,-466.5695
36.77708333333334,-122.04791666666667,-632.2424
36.77708333333334,-122.04375,-808.3509
36.77708333333334,-122.03958333333333,-994.3597
36.77708333333334,-122.03541666666666,-1084.6198
36.77708333333334,-122.03125,-1050.0553
36.77708333333334,-122.02708333333334,-983.4978
36.77708333333334,-122.02291666666667,-932.2848
36.77708333333334,-122.01875,-927.25055
36.77708333333334,-122.01458333333333,-951.49207
36.77708333333334,-122.01041666666667,-979.7881
36.77708333333334,-122.00625,-967.2052
36.77708333333334,-122.00208333333333,-929.69806
36.77708333333334,-121.99791666666667,-922.46814
36.77708333333334,-121.99375,-882.08405
36.77708333333334,-121.98958333333333,-823.1601
36.77708333333334,-121.98541666666667,-786.8023
36.77708333333334,-121.98125,-741.2141
36.77708333333334,-121.97708333333333,-670.4752
36.77708333333334,-121.97291666666666,-591.36176
36.77708333333334,-121.96875,-609.57166
36.77708333333334,-121.96458333333334,-683.24634
36.77708333333334,-121.96041666666667,-758.6355
36.77708333333334,-121.95625,-744.044
36.77708333333334,-121.95208333333333,-662.6784
36.77708333333334,-121.94791666666667,-619.75867
36.77708333333334,-121.94375,-592.49756
36.77708333333334,-121.93958333333333,-576.9462
36.77708333333334,-121.93541666666667,-546.0497
36.77708333333334,-121.93125,-513.97797
36.77708333333334,-121.92708333333333,-507.58792
36.77708333333334,-121.92291666666667,-504.98633
36.77708333333334,-121.91875,-539.45856
36.77708333333334,-121.91458333333333,-591.09607
36.77708333333334,-121.91041666666666,-578.5937
36.77708333333334,-121.90625,-541.6409
36.77708333333334,-121.90208333333334,-545.1055
36.77708333333334,-121.89791666666667,-539.2369
36.77708333333334,-121.89375,-398.89026
36.77708333333334,-121.88958333333333,-261.75357
36.77708333333334,-121.88541666666667,-197.93166
36.77708333333334,-121.88125,-146.47902
36.77708333333334,-121.87708333333333,-107.3361
36.77708333333334,-121.87291666666667,-98.406525
36.77708333333334,-121.86875,-92.02561
36.77708333333334,-121.86458333333333,-82.94852
36.77708333333334,-121.86041666666667,-75.43891
36.77708333333334,-121.85625,-70.07012
36.77708333333334,-121.85208333333333,-65.9875
36.77708333333334,-121.84791666666666,-63.399162
36.77708333333334,-121.84375,-54.43364
36.77708333333334,-121.83958333333334,-47.725193
36.77708333333334,-121.83541666666667,-41.89734
36.77708333333334,-121.83125,-34.5943
36.77708333333334,-121.82708333333333,-28.483809
36.77708333333334,-121.82291666666667,-23.71267
36.77708333333334,-121.81875,-19.772957
36.77708333333334,-121.81458333333333,-16.982243
36.77708333333334,-121.81041666666667,-14.154234
36.77708333333334,-121.80625,-10.642962
36.77708333333334,-121.80208333333333,-4.260256
36.77708333333334,-121.79791666666667,1.7286971
36.77708333333334,-121.79375,5.8974223
36.77708333333334,-121.78958333333333,1.517537
36.77708333333334,-121.78541666666666,1.9030666
36.77708333333334,-121.78125,2.1079555
36.77708333333334,-121.77708333333334,2.2636
36.77708333333334,-121.77291666666667,3.8101332
36.77708333333334,-121.76875,3.7514668
36.77708333333334,-121.76458333333333,2.5196445
36.77708333333334,-121.76041666666667,0.79862225
36.77708333333334,-121.75625,2.8128889
36.77708333333334,-121.75208333333333,4.710178
36.77708333333334,-121.74791666666667,5.2456446
36.77708333333334,-121.74375,13.288489
36.77708333333334,-121.73958333333333,3.0342274
36.77708333333334,-121.73541666666667,5.3109374
36.77708333333334,-121.73125,4.1457777
36.77708333333334,-121.72708333333333,5.9492445
36.77708333333334,-121.72291666666666,10.901022
36.77708333333334,-121.71875,20.893333
36.77708333333334,-121.71458333333334,20.912756
36.77708333333334,-121.71041666666667,24.812712
36.77708333333334,-121.70625,24.807867
36.77708333333334,-121.70208333333333,30.209778
36.78125,-122.09791666666666,-745.9039
36.78125,-122.09375,-688.31274
36.78125,-122.08958333333334,-768.9645
36.78125,-122.08541666666667,-834.21216
36.78125,-122.08125,-870.40594
36.78125,-122.07708333333333,-887.9297
36.78125,-122.07291666666667,-787.1328
36.78125,-122.06875,-611.8433
36.78125,-122.06458333333333,-496.96802
36.78125,-122.06041666666667,-437.0203
36.78125,-122.05625,-346.33322
36.78125,-122.05208333333333,-376.53555
36.78125,-122.04791666666667,-544.4192
36.78125,-122.04375,-684.99646
36.78125,-122.03958333333333,-843.55664
36.78125,-122.03541666666666,-971.4176
36.78125,-122.03125,-1040.8297
36.78125,-122.02708333333334,-1043.1761
36.78125,-122.02291666666667,-991.6531
36.78125,-122.01875,-990.8115
36.78125,-122.01458333333333,-998.26685
36.78125,-122.01041666666667,-956.6319
36.78125,-122.00625,-940.4866
36.78125,-122.00208333333333,-901.58453
36.78125,-121.99791666666667,-817.83923
36.78125,-121.99375,-692.9951
36.78125,-121.98958333333333,-587.97064
36.78125,-121.98541666666667,-569.3111
36.78125,-121.98125,-608.2741
36.78125,-121.97708333333333,-599.4193
36.78125,-121.97291666666666,-547.91016
36.78125,-121.96875,-527.6875
36.78125,-121.96458333333334,-579.8485
36.78125,-121.96041666666667,-626.3573
36.78125,-121.95625,-701.54254
36.78125,-121.95208333333333,-732.8566
36.78125,-121.94791666666667,-713.49756
36.78125,-121.94375,-706.6646
36.78125,-121.93958333333333,-694.23065
36.78125,-121.93541666666667,-674.30255
36.78125,-121.93125,-625.38855
36.78125,-121.92708333333333,-565.4975
36.78125,-121.92291666666667,-584.3167
36.78125,-121.91875,-622.59875
36.78125,-121.91458333333333,-561.764
36.78125,-121.91041666666666,-489.93048
36.78125,-121.90625,-499.0883
36.78125,-121.90208333333334,-527.5986
36.78125,-121.89791666666667,-460.40613
36.78125,-121.89375,-384.9545
36.78125,-121.88958333333333,-288.89767
36.78125,-121.88541666666667,-191.16968
36.78125,-121.88125,-139.62572
36.78125,-121.87708333333333,-121.12792
36.78125,-121.87291666666667,-114.74062
36.78125,-121.86875,-114.00922
36.78125,-121.86458333333333,-93.80663
36.78125,-121.86041666666667,-87.21381
36.78125,-121.85625,-83.56908
36.78125,-121.85208333333333,-77.25703
36.78125,-121.84791666666666,-80.10991
36.78125,-121.84375,-65.57409
36.78125,-121.83958333333334,-52.49297
36.78125,-121.83541666666667,-46.142345
36.78125,-121.83125,-40.692837
36.78125,-121.82708333333333,-33.03365
36.78125,-121.82291666666667,-27.310669
36.78125,-121.81875,-22.379892
36.78125,-121.81458333333333,-18.804165
36.78125,-121.81041666666667,-15.016142
36.78125,-121.80625,-10.851261
36.78125,-121.80208333333333,-4.9385877
36.78125,-121.79791666666667,-0.5293673
36.78125,-121.79375,3.9280677
36.78125,-121.78958333333333,1.4638565
36.78125,-121.78541666666666,3.2921333
36.78125,-121.78125,2.583689
36.78125,-121.77708333333334,2.4729333
36.78125,-121.77291666666667,2.6899555
36.78125,-121.76875,1.7998667
36.78125,-121.76458333333333,1.1391112
36.78125,-121.76041666666667,2.2689333
36.78125,-121.75625,3.3648
36.78125,-121.75208333333333,1.4403571
36.78125,-121.74791666666667,1.1988288
36.78125,-121.74375,3.9116745
36.78125,-121.73958333333333,6.5565624
36.78125,-121.73541666666667,14.755156
36.78125,-121.73125,12.170489
36.78125,-121.72708333333333,4.2439113
36.78125,-121.72291666666666,9.463022
36.78125,-121.71875,24.752977
36.78125,-121.71458333333334,29.776577
36.78125,-121.71041666666667,37.616535
36.78125,-121.70625,40.635155
36.78125,-121.70208333333333,48.891243
36.78541666666666,-122.09791666666666,-649.3962
36.78541666666666,-122.09375,-593.12445
36.78541666666666,-122.08958333333334,-679.33563
36.78541666666666,-122.08541666666667,-718.4462
36.78541666666666,-122.08125,-779.3641
36.78541666666666,-122.07708333333333,-816.33777
36.78541666666666,-122.07291666666667,-723.8096
36.78541666666666,-122.06875,-621.04034
36.78541666666666,-122.06458333333333,-460.46103
36.78541666666666,-122.06041666666667,-318.26968
36.78541666666666,-122.05625,-251.10674
36.78541666666666,-122.05208333333333,-274.14575
36.78541666666666,-122.04791666666667,-366.84863
36.78541666666666,-122.04375,-518.91614
36.78541666666666,-122.03958333333333,-700.28125
36.78541666666666,-122.03541666666666,-821.05585
36.78541666666666,-122.03125,-842.04034
36.78541666666666,-122.02708333333334,-925.8256
36.78541666666666,-122.02291666666667,-989.1506
36.78541666666666,-122.01875,-955.57776
36.78541666666666,-122.01458333333333,-884.4845
36.78541666666666,-122.01041666666667,-778.3463
36.78541666666666,-122.00625,-826.8457
36.78541666666666,-122.00208333333333,-850.5913
36.78541666666666,-121.99791666666667,-783.733
36.78541666666666,-121.99375,-648.0113
36.78541666666666,-121.98958333333333,-522.9985
36.78541666666666,-121.98541666666667,-445.32172
36.78541666666666,-121.98125,-489.4671
36.78541666666666,-121.97708333333333,-488.5278
36.78541666666666,-121.97291666666666,-463.8704
36.78541666666666,-121.96875,-436.43848
36.78541666666666,-121.96458333333334,-477.0269
36.78541666666666,-121.96041666666667,-512.1197
36.78541666666666,-121.95625,-577.5302
36.78541666666666,-121.95208333333333,-613.96216
36.78541666666666,-121.94791666666667,-597.8721
36.78541666666666,-121.94375,-586.0006
36.78541666666666,-121.93958333333333,-574.42804
36.78541666666666,-121.93541666666667,-594.40436
36.78541666666666,-121.93125,-643.385
36.78541666666666,-121.92708333333333,-652.79803
36.78541666666666,-121.92291666666667,-639.3558
36.78541666666666,-121.91875,-566.1861
36.78541666666666,-121.91458333333333,-472.98877
36.78541666666666,-121.91041666666666,-433.43616
36.78541666666666,-121.90625,-467.85532
36.78541666666666,-121.90208333333334,-508.28946
36.78541666666666,-121.89791666666667,-426.64975
36.78541666666666,-121.89375,-377.69653
36.78541666666666,-121.88958333333333,-324.55933
36.78541666666666,-121.88541666666667,-271.67004
36.78541666666666,-121.88125,-242.53757
36.78541666666666,-121.87708333333333,-209.3403
36.78541666666666,-121.87291666666667,-187.91293
36.78541666666666,-121.86875,-189.52124
36.78541666666666,-121.86458333333333,-170.57216
36.78541666666666,-121.86041666666667,-169.22781
36.78541666666666,-121.85625,-161.72371
36.78541666666666,-121.85208333333333,-140.54576
36.78541666666666,-121.84791666666666,-129.19958
36.78541666666666,-121.84375,-106.57284
36.78541666666666,-121.83958333333334,-97.075455
36.78541666666666,-121.83541666666667,-92.353004
36.78541666666666,-121.83125,-110.40819
36.78541666666666,-121.82708333333333,-87.84663
36.78541666666666,-121.82291666666667,-43.083595
36.78541666666666,-121.81875,-26.240803
36.78541666666666,-121.81458333333333,-21.07381
36.78541666666666,-121.81041666666667,-16.688414
36.78541666666666,-121.80625,-11.313551
36.78541666666666,-121.80208333333333,-5.18364
36.78541666666666,-121.79791666666667,-1.8337809
36.78541666666666,-121.79375,3.249874
36.78541666666666,-121.78958333333333,1.3338667
36.78541666666666,-121.78541666666666,1.9813334
36.78541666666666,-121.78125,2.6544
36.78541666666666,-121.77708333333334,3.8488
36.78541666666666,-121.77291666666667,2.7775555
36.78541666666666,-121.76875,1.5232
36.78541666666666,-121.76458333333333,3.5119555
36.78541666666666,-121.76041666666667,3.6743555
36.78541666666666,-121.75625,0.38147983
36.78541666666666,-121.75208333333333,-0.26128888
36.78541666666666,-121.74791666666667,0.6244395
36.78541666666666,-121.74375,8.866089
36.78541666666666,-121.73958333333333,10.273111
36.78541666666666,-121.73541666666667,16.207333
36.78541666666666,-121.73125,18.56071
36.78541666666666,-121.72708333333333,13.891377
36.78541666666666,-121.72291666666666,13.328045
36.78541666666666,-121.71875,27.760445
36.78541666666666,-121.71458333333334,25.709688
36.78541666666666,-121.71041666666667,29.289955
36.78541666666666,-121.70625,35.9736
36.78541666666666,-121.70208333333333,39.314934
36.78958333333333,-122.09791666666666,-490.56757
36.78958333333333,-122.09375,-491.22034
36.78958333333333,-122.08958333333334,-540.0873
36.78958333333333,-122.08541666666667,-599.93024
36.78958333333333,-122.08125,-713.71326
36.78958333333333,-122.07708333333333,-729.06793
36.78958333333333,-122.07291666666667,-651.41583
36.78958333333333,-122.06875,-543.58606
36.78958333333333,-122.06458333333333,-358.63416
36.78958333333333,-122.06041666666667,-218.8935
36.78958333333333,-122.05625,-190.10417
36.78958333333333,-122.05208333333333,-203.29414
36.78958333333333,-122.04791666666667,-311.6145
36.78958333333333,-122.04375,-496.683
36.78958333333333,-122.03958333333333,-629.2776
36.78958333333333,-122.03541666666666,-649.2506
36.78958333333333,-122.03125,-616.36395
36.78958333333333,-122.02708333333334,-742.68353
36.78958333333333,-122.02291666666667,-805.6981
36.78958333333333,-122.01875,-739.76636
36.78958333333333,-122.01458333333333,-748.90436
36.78958333333333,-122.01041666666667,-684.6749
36.78958333333333,-122.00625,-717.70654
36.78958333333333,-122.00208333333333,-751.22974
36.78958333333333,-121.99791666666667,-736.65265
36.78958333333333,-121.99375,-612.7415
36.78958333333333,-121.98958333333333,-508.24777
36.78958333333333,-121.98541666666667,-410.1956
36.78958333333333,-121.98125,-371.25394
36.78958333333333,-121.97708333333333,-346.94537
36.78958333333333,-121.97291666666666,-337.5826
36.78958333333333,-121.96875,-335.84213
36.78958333333333,-121.96458333333334,-359.3601
36.78958333333333,-121.96041666666667,-414.07474
36.78958333333333,-121.95625,-477.7457
36.78958333333333,-121.95208333333333,-497.6643
36.78958333333333,-121.94791666666667,-495.00302
36.78958333333333,-121.94375,-467.69217
36.78958333333333,-121.93958333333333,-442.3268
36.78958333333333,-121.93541666666667,-421.20047
36.78958333333333,-121.93125,-457.91287
36.78958333333333,-121.92708333333333,-554.82336
36.78958333333333,-121.92291666666667,-557.0626
36.78958333333333,-121.91875,-467.5195
36.78958333333333,-121.91458333333333,-423.02075
36.78958333333333,-121.91041666666666,-403.0431
36.78958333333333,-121.90625,-451.31195
36.78958333333333,-121.90208333333334,-494.77927
36.78958333333333,-121.89791666666667,-414.56516
36.78958333333333,-121.89375,-387.57898
36.78958333333333,-121.88958333333333,-383.93372
36.78958333333333,-121.88541666666667,-370.30197
36.78958333333333,-121.88125,-345.04727
36.78958333333333,-121.87708333333333,-324.30765
36.78958333333333,-121.87291666666667,-306.00644
36.78958333333333,-121.86875,-290.41733
36.78958333333333,-121.86458333333333,-257.1452
36.78958333333333,-121.86041666666667,-235.37947
36.78958333333333,-121.85625,-220.64212
36.78958333333333,-121.85208333333333,-200.84503
36.78958333333333,-121.84791666666666,-186.85225
36.78958333333333,-121.84375,-194.18994
36.78958333333333,-121.83958333333334,-212.01564
36.78958333333333,-121.83541666666667,-219.80249
36.78958333333333,-121.83125,-216.40964
36.78958333333333,-121.82708333333333,-199.87154
36.78958333333333,-121.82291666666667,-129.19522
36.78958333333333,-121.81875,-44.85568
36.78958333333333,-121.81458333333333,-24.391043
36.78958333333333,-121.81041666666667,-19.95611
36.78958333333333,-121.80625,-13.490651
36.78958333333333,-121.80208333333333,-6.465523
36.78958333333333,-121.79791666666667,-2.995375
36.78958333333333,-121.79375,4.2716
36.78958333333333,-121.78958333333333,1.6688235
36.78958333333333,-121.78541666666666,5.211289
36.78958333333333,-121.78125,4.338489
36.78958333333333,-121.77708333333334,5.155022
36.78958333333333,-121.77291666666667,1.8233777
36.78958333333333,-121.76875,1.0388
36.78958333333333,-121.76458333333333,1.8749334
36.78958333333333,-121.76041666666667,0.49361503
36.78958333333333,-121.75625,0.47693333
36.78958333333333,-121.75208333333333,1.5943556
36.78958333333333,-121.74791666666667,9.635785
36.78958333333333,-121.74375,7.153511
36.78958333333333,-121.73958333333333,6.146622
36.78958333333333,-121.73541666666667,11.649555
36.78958333333333,-121.73125,17.764
36.78958333333333,-121.72708333333333,18.65329
36.78958333333333,-121.72291666666666,16.13329
36.78958333333333,-121.71875,25.753155
36.78958333333333,-121.71458333333334,43.093243
36.78958333333333,-121.71041666666667,47.300045
36.78958333333333,-121.70625,55.274845
36.78958333333333,-121.70208333333333,52.108624
36.79375,-122.09791666666666,-345.39536
36.79375,-122.09375,-356.21964
36.79375,-122.08958333333334,-435.7219
36.79375,-122.08541666666667,-552.0978
36.79375,-122.08125,-653.5298
36.79375,-122.07708333333333,-622.7074
36.79375,-122.07291666666667,-537.7163
36.79375,-122.06875,-422.10086
36.79375,-122.06458333333333,-267.3827
36.79375,-122.06041666666667,-172.8836
36.79375,-122.05625,-145.99658
36.79375,-122.05208333333333,-159.00125
36.79375,-122.04791666666667,-314.95474
36.79375,-122.04375,-477.57355
36.79375,-122.03958333333333,-535.14874
36.79375,-122.03541666666666,-546.9963
36.79375,-122.03125,-579.29614
36.79375,-122.02708333333334,-644.1264
36.79375,-122.02291666666667,-663.91736
36.79375,-122.01875,-630.11694
36.79375,-122.01458333333333,-648.474
36.79375,-122.01041666666667,-641.3215
36.79375,-122.00625,-576.41345
36.79375,-122.00208333333333,-619.1855
36.79375,-121.99791666666667,-706.45605
36.79375,-121.99375,-617.7149
36.79375,-121.98958333333333,-489.01123
36.79375,-121.98541666666667,-391.13306
36.79375,-121.98125,-292.85373
36.79375,-121.97708333333333,-232.96184
36.79375,-121.97291666666666,-220.59274
36.79375,-121.96875,-222.27985
36.79375,-121.96458333333334,-237.06696
36.79375,-121.96041666666667,-294.9256
36.79375,-121.95625,-357.31796
36.79375,-121.95208333333333,-392.84714
36.79375,-121.94791666666667,-383.88538
36.79375,-121.94375,-371.5588
36.79375,-121.93958333333333,-350.4342
36.79375,-121.93541666666667,-298.1431
36.79375,-121.93125,-289.48584
36.79375,-121.92708333333333,-353.05078
36.79375,-121.92291666666667,-388.4855
36.79375,-121.91875,-363.50287
36.79375,-121.91458333333333,-359.31348
36.79375,-121.91041666666666,-364.8097
36.79375,-121.90625,-452.73083
36.79375,-121.90208333333334,-472.30725
36.79375,-121.89791666666667,-418.7322
36.79375,-121.89375,-430.92386
36.79375,-121.88958333333333,-410.63452
36.79375,-121.88541666666667,-391.12976
36.79375,-121.88125,-395.56497
36.79375,-121.87708333333333,-386.24405
36.79375,-121.87291666666667,-372.8162
36.79375,-121.86875,-365.2634
36.79375,-121.86458333333333,-329.81067
36.79375,-121.86041666666667,-281.1288
36.79375,-121.85625,-245.66714
36.79375,-121.85208333333333,-237.5125
36.79375,-121.84791666666666,-265.0098
36.79375,-121.84375,-265.90143
36.79375,-121.83958333333334,-241.91183
36.79375,-121.83541666666667,-213.39195
36.79375,-121.83125,-167.59991
36.79375,-121.82708333333333,-148.50816
36.79375,-121.82291666666667,-176.99443
36.79375,-121.81875,-111.252556
36.79375,-121.81458333333333,-36.810417
36.79375,-121.81041666666667,-25.178623
36.79375,-121.80625,-16.594389
36.79375,-121.80208333333333,-8.88451
36.79375,-121.79791666666667,-4.4084244
36.79375,-121.79375,-0.5179913
36.79375,-121.78958333333333,2.5556712
36.79375,-121.78541666666666,5.289067
36.79375,-121.78125,1.4371809
36.79375,-121.77708333333334,0.8064481
36.79375,-121.77291666666667,0.3092889
36.79375,-121.76875,0.17057778
36.79375,-121.76458333333333,0.01374242
36.79375,-121.76041666666667,-0.11484018
36.79375,-121.75625,5.2486224
36.79375,-121.75208333333333,7.7371554
36.79375,-121.74791666666667,14.666667
36.79375,-121.74375,14.284978
36.79375,-121.73958333333333,9.872133
36.79375,-121.73541666666667,10.1248
36.79375,-121.73125,9.943689
36.79375,-121.72708333333333,13.984667
36.79375,-121.72291666666666,22.34129
36.79375,-121.71875,25.764444
36.79375,-121.71458333333334,33.71662
36.79375,-121.71041666666667,37.954933
36.79375,-121.70625,41.080532
36.79375,-121.70208333333333,53.53969
36.797916666666666,-122.09791666666666,-250.74033
36.797916666666666,-122.09375,-262.835
36.797916666666666,-122.08958333333334,-347.79437
36.797916666666666,-122.08541666666667,-484.6562
36.797916666666666,-122.08125,-547.0139
36.797916666666666,-122.07708333333333,-502.58688
36.797916666666666,-122.07291666666667,-413.39603
36.797916666666666,-122.06875,-290.3625
36.797916666666666,-122.06458333333333,-185.27563
36.797916666666666,-122.06041666666667,-135.60788
36.797916666666666,-122.05625,-114.5747
36.797916666666666,-122.05208333333333,-119.40381
36.797916666666666,-122.04791666666667,-218.49937
36.797916666666666,-122.04375,-355.1091
36.797916666666666,-122.03958333333333,-422.23224
36.797916666666666,-122.03541666666666,-481.38412
36.797916666666666,-122.03125,-519.96246
36.797916666666666,-122.02708333333334,-559.61804
36.797916666666666,-122.02291666666667,-570.2127
36.797916666666666,-122.01875,-551.7508
36.797916666666666,-122.01458333333333,-571.6245
36.797916666666666,-122.01041666666667,-602.28326
36.797916666666666,-122.00625,-544.94434
36.797916666666666,-122.00208333333333,-517.4924
36.797916666666666,-121.99791666666667,-629.8769
36.797916666666666,-121.99375,-649.4849
36.797916666666666,-121.98958333333333,-501.66937
36.797916666666666,-121.98541666666667,-380.893
36.797916666666666,-121.98125,-274.01923
36.797916666666666,-121.97708333333333,-159.87709
36.797916666666666,-121.97291666666666,-124.24231
36.797916666666666,-121.96875,-118.78183
36.797916666666666,-121.96458333333334,-128.17632
36.797916666666666,-121.96041666666667,-186.3936
36.797916666666666,-121.95625,-248.69511
36.797916666666666,-121.95208333333333,-274.16943
36.797916666666666,-121.94791666666667,-287.43384
36.797916666666666,-121.94375,-287.83118
36.797916666666666,-121.93958333333333,-283.68304
36.797916666666666,-121.93541666666667,-228.11662
36.797916666666666,-121.93125,-181.18738
36.797916666666666,-121.92708333333333,-219.198
36.797916666666666,-121.92291666666667,-241.09096
36.797916666666666,-121.91875,-234.46227
36.797916666666666,-121.91458333333333,-259.23257
36.797916666666666,-121.91041666666666,-304.06155
36.797916666666666,-121.90625,-410.31516
36.797916666666666,-121.90208333333334,-461.39038
36.797916666666666,-121.89791666666667,-455.9849
36.797916666666666,-121.89375,-440.08173
36.797916666666666,-121.88958333333333,-385.36182
36.797916666666666,-121.88541666666667,-380.89883
36.797916666666666,-121.88125,-366.28677
36.797916666666666,-121.87708333333333,-329.48016
36.797916666666666,-121.87291666666667,-308.7819
36.797916666666666,-121.86875,-316.90598
36.797916666666666,-121.86458333333333,-336.97958
36.797916666666666,-121.86041666666667,-337.76877
36.797916666666666,-121.85625,-294.61572
36.797916666666666,-121.85208333333333,-291.05508
36.797916666666666,-121.84791666666666,-256.223
36.797916666666666,-121.84375,-209.12375
36.797916666666666,-121.83958333333334,-177.09618
36.797916666666666,-121.83541666666667,-140.96649
36.797916666666666,-121.83125,-99.436485
36.797916666666666,-121.82708333333333,-74.06301
36.797916666666666,-121.82291666666667,-128.89859
36.797916666666666,-121.81875,-124.15545
36.797916666666666,-121.81458333333333,-42.935932
36.797916666666666,-121.81041666666667,-32.06766
36.797916666666666,-121.80625,-23.638155
36.797916666666666,-121.80208333333333,-15.187741
36.797916666666666,-121.79791666666667,-8.219447
36.797916666666666,-121.79375,-2.8531122
36.797916666666666,-121.78958333333333,1.8676414
36.797916666666666,-121.78541666666666,1.6105525
36.797916666666666,-121.78125,6.7925572
36.797916666666666,-121.77708333333334,4.3029017
36.797916666666666,-121.77291666666667,0.12046153
36.797916666666666,-121.76875,2.5082183
36.797916666666666,-121.76458333333333,3.0456038
36.797916666666666,-121.76041666666667,5.309148
36.797916666666666,-121.75625,10.686845
36.797916666666666,-121.75208333333333,11.031956
36.797916666666666,-121.74791666666667,18.152489
36.797916666666666,-121.74375,17.18369
36.797916666666666,-121.73958333333333,17.564978
36.797916666666666,-121.73541666666667,21.095022
36.797916666666666,-121.73125,22.651289
36.797916666666666,-121.72708333333333,22.379333
36.797916666666666,-121.72291666666666,22.8716
36.797916666666666,-121.71875,37.1788
36.797916666666666,-121.71458333333334,49.431957
36.797916666666666,-121.71041666666667,61.505287
36.797916666666666,-121.70625,61.587734
36.797916666666666,-121.70208333333333,45.159378
